GEOID,median_income,total_commuters,commute_30_34min,commute_35_39min,commute_40_44min,commute_45_59min,commute_60_89min,commute_90plus_min,workers_16plus,workers_no_vehicle,commute_mode_total,transit_commuters,disability_pop,medicaid_total,medicaid_below_poverty,medicaid_above_poverty,median_gross_rent,rent_burden_35_39pct,rent_burden_40_49pct,rent_burden_50plus_pct,rent_burden_not_computed,total_population,school_enrollment_public,educational_attainment_base,total_households,households_no_vehicle,pct_transit_commuters,pct_no_vehicle,pct_rent_burdened_severe,hourly_wage_estimate,disability_actual,school_age_pop_5_17,elderly_65plus,single_parent_hh
39049000110,133315.0,1778.0,140.0,78.0,21.0,47.0,0.0,0.0,2352.0,0.0,2352.0,19.0,3465.0,3465.0,43.0,12.0,1721.0,30.0,0.0,0.0,39.0,3472.0,398.0,2884.0,1812.0,40.0,0.0081,0.0,0.0,64.09,502.0,201.0,744.0,102.0
39049000120,105583.0,1241.0,35.0,9.0,17.0,29.0,30.0,0.0,2019.0,31.0,2020.0,27.0,3428.0,3428.0,32.0,109.0,1279.0,7.0,0.0,0.0,64.0,3428.0,515.0,2854.0,1708.0,31.0,0.0134,0.0154,0.0,50.76,387.0,434.0,818.0,56.0
39049000210,126736.0,1305.0,94.0,11.0,21.0,8.0,11.0,0.0,1942.0,105.0,1942.0,138.0,3106.0,3106.0,34.0,8.0,1102.0,58.0,20.0,23.0,48.0,3106.0,633.0,2557.0,1551.0,115.0,0.0711,0.0541,0.0148,60.93,238.0,401.0,595.0,46.0
39049000220,124342.0,1718.0,47.0,25.0,87.0,58.0,19.0,0.0,2398.0,22.0,2398.0,25.0,4263.0,4263.0,0.0,60.0,1633.0,34.0,10.0,70.0,80.0,4263.0,772.0,3402.0,2026.0,22.0,0.0104,0.0092,0.0346,59.78,292.0,498.0,1007.0,66.0
39049000310,60761.0,1172.0,72.0,0.0,22.0,11.0,0.0,23.0,1349.0,0.0,1349.0,0.0,2993.0,2993.0,130.0,326.0,1134.0,72.0,43.0,81.0,124.0,2993.0,683.0,2166.0,1264.0,65.0,0.0,0.0,0.0641,29.21,481.0,552.0,410.0,220.0
39049000320,52344.0,1491.0,202.0,16.0,72.0,82.0,0.0,193.0,1620.0,13.0,1620.0,0.0,3032.0,3032.0,97.0,357.0,1481.0,14.0,7.0,0.0,36.0,3032.0,596.0,2323.0,1288.0,139.0,0.0,0.008,0.0,25.17,436.0,479.0,353.0,50.0
39049000330,46649.0,1136.0,16.0,17.0,48.0,74.0,35.0,0.0,1308.0,35.0,1308.0,76.0,2797.0,2797.0,242.0,338.0,1188.0,1.0,8.0,38.0,143.0,2797.0,535.0,1860.0,1112.0,35.0,0.0581,0.0268,0.0342,22.43,246.0,578.0,213.0,96.0
39049000410,93646.0,1250.0,140.0,60.0,26.0,0.0,33.0,0.0,1675.0,88.0,1675.0,112.0,2519.0,2519.0,47.0,81.0,1402.0,9.0,19.0,19.0,157.0,2519.0,491.0,1990.0,1195.0,72.0,0.0669,0.0525,0.0159,45.02,218.0,228.0,209.0,63.0
39049000420,91212.0,1333.0,140.0,0.0,5.0,60.0,0.0,8.0,1973.0,36.0,1974.0,8.0,3147.0,3147.0,39.0,95.0,1224.0,122.0,12.0,8.0,43.0,3147.0,409.0,2675.0,1574.0,61.0,0.0041,0.0182,0.0051,43.85,254.0,254.0,625.0,51.0
39049000500,87705.0,1882.0,260.0,0.0,30.0,9.0,72.0,3.0,3055.0,103.0,3055.0,90.0,4257.0,4257.0,133.0,481.0,1236.0,24.0,76.0,53.0,271.0,4267.0,842.0,3395.0,2152.0,140.0,0.0295,0.0337,0.0246,42.17,536.0,422.0,327.0,109.0
39049000600,64250.0,2238.0,187.0,0.0,52.0,68.0,0.0,40.0,2916.0,86.0,2916.0,89.0,4005.0,4005.0,65.0,278.0,1278.0,199.0,56.0,83.0,216.0,4005.0,781.0,2734.0,1815.0,208.0,0.0305,0.0295,0.0457,30.89,401.0,141.0,161.0,87.0
39049000710,50353.0,1393.0,219.0,92.0,31.0,21.0,8.0,61.0,1565.0,145.0,1565.0,110.0,3010.0,3010.0,171.0,379.0,1131.0,103.0,32.0,83.0,194.0,3010.0,551.0,2095.0,1292.0,137.0,0.0703,0.0927,0.0642,24.21,304.0,512.0,404.0,179.0
39049000720,43198.0,850.0,104.0,8.0,8.0,14.0,0.0,31.0,1041.0,96.0,1041.0,37.0,2835.0,2835.0,420.0,243.0,1149.0,49.0,32.0,85.0,121.0,2835.0,892.0,1651.0,1074.0,275.0,0.0355,0.0922,0.0791,20.77,496.0,835.0,233.0,253.0
39049000730,34792.0,1083.0,33.0,0.0,11.0,0.0,0.0,20.0,1138.0,483.0,1138.0,93.0,3353.0,3353.0,324.0,331.0,1032.0,34.0,25.0,92.0,250.0,3353.0,894.0,2187.0,1369.0,470.0,0.0817,0.4244,0.0672,16.73,485.0,598.0,358.0,225.0
39049000810,64162.0,1123.0,217.0,12.0,26.0,12.0,0.0,9.0,1265.0,0.0,1265.0,11.0,2892.0,2892.0,443.0,260.0,1010.0,7.0,0.0,17.0,146.0,2892.0,842.0,1814.0,1167.0,114.0,0.0087,0.0,0.0146,30.85,409.0,618.0,283.0,130.0
39049000820,70329.0,1713.0,401.0,0.0,34.0,39.0,79.0,28.0,2114.0,71.0,2114.0,127.0,3687.0,3687.0,298.0,226.0,1132.0,67.0,18.0,53.0,89.0,3687.0,693.0,2763.0,1579.0,114.0,0.0601,0.0336,0.0336,33.81,639.0,576.0,503.0,113.0
39049000910,38365.0,855.0,50.0,0.0,0.0,19.0,0.0,44.0,1032.0,14.0,1032.0,0.0,3398.0,3398.0,479.0,303.0,1173.0,58.0,46.0,106.0,202.0,3398.0,989.0,1981.0,1275.0,317.0,0.0,0.0136,0.0831,18.44,546.0,858.0,382.0,376.0
39049000920,29595.0,546.0,52.0,0.0,0.0,4.0,0.0,0.0,639.0,28.0,639.0,12.0,2039.0,2039.0,357.0,151.0,1132.0,59.0,13.0,45.0,169.0,2039.0,553.0,1174.0,750.0,94.0,0.0188,0.0438,0.06,14.23,199.0,528.0,156.0,159.0
39049001000,37096.0,2935.0,238.0,162.0,146.0,51.0,0.0,0.0,3163.0,171.0,3164.0,270.0,4788.0,4788.0,101.0,183.0,1341.0,89.0,109.0,130.0,820.0,4802.0,2593.0,2101.0,2037.0,189.0,0.0853,0.0541,0.0638,17.83,522.0,123.0,131.0,108.0
39049001110,24854.0,1503.0,72.0,29.0,0.0,0.0,9.0,0.0,1510.0,138.0,1635.0,32.0,3382.0,3382.0,6.0,145.0,1268.0,35.0,95.0,82.0,624.0,3382.0,2896.0,497.0,1217.0,278.0,0.0196,0.0914,0.0674,11.95,268.0,21.0,11.0,0.0
39049001121,,2380.0,61.0,14.0,25.0,53.0,8.0,12.0,92.0,0.0,3056.0,208.0,10695.0,10695.0,67.0,141.0,634.0,0.0,0.0,0.0,23.0,10701.0,10660.0,64.0,64.0,6.0,0.0681,0.0,0.0,,1082.0,163.0,0.0,3.0
39049001122,43219.0,656.0,61.0,8.0,0.0,0.0,0.0,0.0,477.0,47.0,855.0,120.0,2352.0,2352.0,26.0,25.0,1276.0,4.0,13.0,71.0,121.0,2352.0,1992.0,526.0,529.0,44.0,0.1404,0.0985,0.1342,20.78,194.0,39.0,114.0,14.0
39049001200,33650.0,1397.0,232.0,17.0,49.0,21.0,0.0,0.0,1674.0,190.0,1768.0,39.0,3497.0,3497.0,18.0,28.0,1291.0,68.0,28.0,91.0,537.0,3497.0,2718.0,598.0,1156.0,194.0,0.0221,0.1135,0.0787,16.18,382.0,38.0,40.0,0.0
39049001301,50977.0,1462.0,11.0,0.0,0.0,15.0,133.0,0.0,1766.0,52.0,1776.0,8.0,2870.0,2870.0,4.0,85.0,1232.0,62.0,71.0,99.0,312.0,2870.0,1499.0,1060.0,1092.0,72.0,0.0045,0.0294,0.0907,24.51,382.0,133.0,163.0,33.0
39049001302,35121.0,1136.0,90.0,0.0,0.0,27.0,0.0,0.0,909.0,259.0,1249.0,80.0,2602.0,2602.0,33.0,88.0,1259.0,39.0,12.0,80.0,308.0,2602.0,2280.0,144.0,597.0,130.0,0.0641,0.2849,0.134,16.89,346.0,60.0,0.0,0.0
39049001400,36053.0,500.0,29.0,33.0,4.0,0.0,1.0,0.0,542.0,30.0,546.0,10.0,1717.0,1717.0,75.0,176.0,1145.0,14.0,6.0,59.0,94.0,1717.0,641.0,927.0,548.0,69.0,0.0183,0.0554,0.1077,17.33,306.0,495.0,138.0,225.0
39049001500,39022.0,534.0,15.0,0.0,19.0,32.0,15.0,0.0,640.0,32.0,640.0,37.0,2038.0,2038.0,241.0,52.0,1034.0,20.0,0.0,27.0,62.0,2038.0,653.0,1155.0,800.0,116.0,0.0578,0.05,0.0338,18.76,200.0,555.0,304.0,231.0
39049001600,50227.0,1272.0,80.0,0.0,9.0,9.0,51.0,0.0,1487.0,280.0,1487.0,87.0,2769.0,2769.0,217.0,122.0,1517.0,54.0,85.0,80.0,308.0,2769.0,1029.0,1585.0,1302.0,260.0,0.0585,0.1883,0.0614,24.15,468.0,368.0,28.0,234.0
39049001700,29219.0,1723.0,47.0,0.0,0.0,0.0,11.0,7.0,2136.0,152.0,2167.0,88.0,3987.0,3987.0,59.0,16.0,1313.0,193.0,71.0,92.0,726.0,3987.0,2389.0,1524.0,1836.0,369.0,0.0406,0.0712,0.0501,14.05,259.0,61.0,164.0,53.0
39049001810,23434.0,1395.0,38.0,0.0,14.0,0.0,22.0,0.0,1454.0,349.0,1733.0,34.0,3417.0,3417.0,37.0,22.0,1120.0,143.0,82.0,36.0,1019.0,3417.0,2245.0,1037.0,1729.0,409.0,0.0196,0.24,0.0208,11.27,336.0,0.0,35.0,19.0
39049001820,72713.0,1152.0,37.0,0.0,0.0,10.0,11.0,0.0,1742.0,184.0,1742.0,6.0,2259.0,2259.0,26.0,72.0,1299.0,33.0,70.0,62.0,233.0,2260.0,561.0,1887.0,1329.0,172.0,0.0034,0.1056,0.0467,34.96,166.0,101.0,114.0,71.0
39049001901,66090.0,2031.0,139.0,68.0,24.0,79.0,25.0,0.0,2826.0,0.0,2826.0,55.0,3939.0,3939.0,19.0,28.0,1665.0,175.0,0.0,124.0,513.0,3939.0,730.0,3142.0,2421.0,256.0,0.0195,0.0,0.0512,31.77,523.0,24.0,442.0,24.0
39049001902,59444.0,2813.0,136.0,40.0,48.0,37.0,60.0,160.0,3633.0,236.0,3633.0,36.0,4116.0,4116.0,19.0,27.0,1166.0,106.0,257.0,167.0,341.0,4116.0,430.0,3454.0,2819.0,256.0,0.0099,0.065,0.0592,28.58,250.0,89.0,308.0,74.0
39049002000,122167.0,1560.0,69.0,49.0,11.0,22.0,57.0,43.0,2200.0,24.0,2200.0,31.0,3070.0,3070.0,13.0,28.0,1427.0,72.0,37.0,35.0,99.0,3078.0,325.0,2667.0,1716.0,81.0,0.0141,0.0109,0.0204,58.73,118.0,83.0,294.0,29.0
39049002100,84605.0,1451.0,86.0,0.0,40.0,10.0,13.0,0.0,2057.0,56.0,2059.0,25.0,2334.0,2334.0,0.0,85.0,1561.0,125.0,28.0,75.0,350.0,2334.0,467.0,1857.0,1660.0,66.0,0.0121,0.0272,0.0452,40.68,190.0,69.0,133.0,46.0
39049002200,109514.0,2183.0,171.0,0.0,13.0,29.0,57.0,1.0,3240.0,121.0,3241.0,1.0,3501.0,3501.0,0.0,72.0,1838.0,121.0,30.0,44.0,240.0,3501.0,237.0,2991.0,2398.0,120.0,0.0003,0.0373,0.0183,52.65,176.0,17.0,148.0,0.0
39049002300,49139.0,760.0,65.0,0.0,13.0,0.0,3.0,0.0,880.0,24.0,880.0,16.0,1878.0,1878.0,134.0,180.0,1201.0,73.0,53.0,20.0,100.0,1878.0,403.0,1316.0,796.0,82.0,0.0182,0.0273,0.0251,23.62,346.0,277.0,142.0,101.0
39049002510,45172.0,966.0,131.0,0.0,15.0,60.0,71.0,12.0,1094.0,14.0,1094.0,40.0,2756.0,2756.0,195.0,241.0,1207.0,48.0,68.0,0.0,165.0,2756.0,764.0,1880.0,1131.0,173.0,0.0366,0.0128,0.0,21.72,396.0,659.0,368.0,205.0
39049002520,68690.0,1046.0,112.0,10.0,0.0,13.0,8.0,0.0,1500.0,118.0,1571.0,17.0,2376.0,2376.0,91.0,50.0,990.0,38.0,0.0,0.0,206.0,2428.0,358.0,1915.0,1274.0,119.0,0.0108,0.0787,0.0,33.02,451.0,221.0,416.0,109.0
39049002600,34080.0,1724.0,321.0,10.0,0.0,37.0,33.0,33.0,1951.0,134.0,1951.0,182.0,4835.0,4835.0,849.0,350.0,1085.0,36.0,120.0,197.0,365.0,4929.0,1274.0,3004.0,1804.0,335.0,0.0933,0.0687,0.1092,16.38,932.0,992.0,557.0,316.0
39049002710,42193.0,1175.0,162.0,0.0,0.0,35.0,18.0,17.0,1303.0,104.0,1303.0,54.0,2305.0,2305.0,186.0,206.0,1010.0,137.0,68.0,98.0,245.0,2305.0,487.0,1492.0,1250.0,173.0,0.0414,0.0798,0.0784,20.29,243.0,306.0,253.0,239.0
39049002730,27730.0,741.0,70.0,0.0,45.0,19.0,56.0,37.0,888.0,120.0,888.0,105.0,2369.0,2369.0,338.0,109.0,1059.0,128.0,88.0,61.0,444.0,2374.0,460.0,1372.0,1063.0,206.0,0.1182,0.1351,0.0574,13.33,396.0,261.0,338.0,220.0
39049002740,97788.0,926.0,108.0,0.0,19.0,7.0,22.0,17.0,1103.0,36.0,1104.0,8.0,2485.0,2485.0,77.0,262.0,1361.0,47.0,37.0,0.0,102.0,2485.0,407.0,1917.0,1107.0,36.0,0.0072,0.0326,0.0,47.01,447.0,306.0,709.0,35.0
39049002750,36447.0,926.0,116.0,0.0,24.0,28.0,29.0,0.0,1146.0,89.0,1146.0,74.0,2997.0,2997.0,416.0,190.0,1121.0,31.0,19.0,74.0,275.0,3020.0,1253.0,1401.0,1021.0,145.0,0.0646,0.0777,0.0725,17.52,473.0,809.0,200.0,357.0
39049002760,63852.0,1641.0,163.0,58.0,21.0,74.0,0.0,16.0,1918.0,74.0,1920.0,98.0,3310.0,3310.0,200.0,198.0,1013.0,35.0,42.0,107.0,160.0,3310.0,487.0,2686.0,1737.0,303.0,0.051,0.0386,0.0616,30.7,647.0,317.0,384.0,99.0
39049002770,37458.0,815.0,48.0,0.0,9.0,0.0,34.0,29.0,958.0,130.0,958.0,131.0,2189.0,2189.0,262.0,180.0,1067.0,35.0,69.0,33.0,192.0,2189.0,588.0,1412.0,934.0,163.0,0.1367,0.1357,0.0353,18.01,298.0,456.0,271.0,197.0
39049002780,88438.0,827.0,60.0,0.0,0.0,43.0,0.0,0.0,1229.0,0.0,1230.0,16.0,2420.0,2420.0,72.0,66.0,977.0,21.0,27.0,9.0,154.0,2569.0,338.0,2201.0,1162.0,159.0,0.013,0.0,0.0077,42.52,357.0,114.0,922.0,35.0
39049002800,47637.0,1216.0,40.0,19.0,0.0,40.0,191.0,0.0,1373.0,34.0,1373.0,185.0,2765.0,2765.0,413.0,87.0,1048.0,50.0,76.0,54.0,135.0,2765.0,806.0,1802.0,1340.0,304.0,0.1347,0.0248,0.0403,22.9,482.0,562.0,384.0,221.0
39049002900,23750.0,541.0,0.0,3.0,3.0,24.0,0.0,0.0,758.0,248.0,758.0,59.0,2576.0,2576.0,476.0,376.0,951.0,109.0,3.0,41.0,339.0,2576.0,1040.0,1421.0,1047.0,502.0,0.0778,0.3272,0.0392,11.42,397.0,956.0,253.0,295.0
39049003000,77039.0,1775.0,17.0,0.0,17.0,93.0,37.0,20.0,2445.0,165.0,2581.0,6.0,3740.0,3740.0,61.0,145.0,1596.0,167.0,100.0,62.0,341.0,3740.0,672.0,2770.0,2504.0,442.0,0.0023,0.0675,0.0248,37.04,610.0,37.0,235.0,19.0
39049003200,90100.0,1586.0,104.0,23.0,15.0,9.0,22.0,0.0,2149.0,27.0,2149.0,16.0,2861.0,2861.0,0.0,84.0,1658.0,29.0,75.0,255.0,140.0,3067.0,286.0,2796.0,1858.0,84.0,0.0074,0.0126,0.1372,43.32,282.0,0.0,598.0,0.0
39049003600,50128.0,845.0,122.0,25.0,0.0,0.0,20.0,0.0,1175.0,61.0,1175.0,30.0,1983.0,1983.0,68.0,72.0,917.0,58.0,39.0,56.0,247.0,1983.0,365.0,1523.0,1180.0,264.0,0.0255,0.0519,0.0475,24.1,269.0,250.0,336.0,59.0
39049003700,74712.0,1425.0,58.0,0.0,10.0,23.0,104.0,0.0,2069.0,55.0,2069.0,56.0,3375.0,3375.0,59.0,293.0,1025.0,8.0,22.0,117.0,315.0,3385.0,698.0,2560.0,1662.0,218.0,0.0271,0.0266,0.0704,35.92,374.0,539.0,249.0,139.0
39049003800,73434.0,1235.0,170.0,10.0,23.0,29.0,11.0,0.0,1672.0,100.0,1674.0,25.0,2315.0,2315.0,60.0,62.0,1095.0,66.0,67.0,86.0,109.0,2513.0,310.0,2098.0,1287.0,76.0,0.0149,0.0598,0.0668,35.3,372.0,103.0,189.0,63.0
39049004001,33980.0,944.0,32.0,23.0,13.0,17.0,0.0,0.0,1076.0,83.0,1076.0,17.0,1474.0,1474.0,8.0,63.0,888.0,45.0,53.0,194.0,278.0,1474.0,272.0,1157.0,1150.0,239.0,0.0158,0.0771,0.1687,16.34,218.0,0.0,91.0,0.0
39049004002,68242.0,1960.0,181.0,101.0,0.0,54.0,0.0,47.0,2462.0,562.0,2462.0,142.0,3255.0,3255.0,0.0,115.0,1515.0,267.0,123.0,43.0,387.0,3392.0,155.0,2792.0,2457.0,709.0,0.0577,0.2283,0.0175,32.81,412.0,23.0,423.0,22.0
39049004200,60882.0,524.0,32.0,6.0,14.0,34.0,0.0,0.0,663.0,5.0,663.0,0.0,972.0,972.0,19.0,56.0,1598.0,72.0,21.0,50.0,130.0,972.0,184.0,707.0,656.0,56.0,0.0,0.0075,0.0762,29.27,136.0,57.0,59.0,39.0
39049004301,76310.0,1663.0,140.0,52.0,0.0,7.0,68.0,0.0,2070.0,35.0,2070.0,0.0,3012.0,3012.0,0.0,23.0,1628.0,116.0,35.0,220.0,177.0,3012.0,479.0,2342.0,1962.0,25.0,0.0,0.0169,0.1121,36.69,261.0,27.0,427.0,0.0
39049004302,69500.0,968.0,50.0,0.0,0.0,0.0,34.0,62.0,1100.0,104.0,1100.0,34.0,2472.0,2472.0,362.0,131.0,1159.0,34.0,28.0,54.0,17.0,2472.0,691.0,1356.0,726.0,102.0,0.0309,0.0945,0.0744,33.41,281.0,835.0,65.0,145.0
39049004500,51818.0,2036.0,132.0,0.0,171.0,52.0,29.0,0.0,2254.0,52.0,2269.0,28.0,4992.0,4992.0,164.0,312.0,1000.0,60.0,129.0,26.0,331.0,5015.0,1019.0,3638.0,2124.0,173.0,0.0123,0.0231,0.0122,24.91,866.0,768.0,511.0,76.0
39049004610,87731.0,1575.0,220.0,25.0,0.0,44.0,19.0,15.0,2157.0,11.0,2159.0,199.0,3937.0,3937.0,175.0,151.0,867.0,81.0,0.0,0.0,166.0,3937.0,707.0,3010.0,1750.0,94.0,0.0922,0.0051,0.0,42.18,672.0,413.0,677.0,165.0
39049004620,58712.0,889.0,161.0,9.0,0.0,0.0,16.0,25.0,1009.0,34.0,1009.0,28.0,2390.0,2390.0,396.0,183.0,1271.0,49.0,30.0,0.0,111.0,2390.0,446.0,1543.0,848.0,117.0,0.0278,0.0337,0.0,28.23,360.0,346.0,227.0,201.0
39049004700,50737.0,2416.0,339.0,127.0,0.0,213.0,31.0,9.0,2615.0,119.0,2615.0,80.0,5911.0,5911.0,508.0,603.0,1251.0,93.0,187.0,139.0,410.0,5911.0,1783.0,3429.0,1997.0,288.0,0.0306,0.0455,0.0696,24.39,785.0,1621.0,338.0,299.0
39049004810,65282.0,1318.0,186.0,149.0,21.0,0.0,45.0,23.0,1447.0,108.0,1447.0,77.0,2510.0,2510.0,53.0,171.0,1545.0,0.0,92.0,0.0,84.0,2510.0,407.0,2010.0,1173.0,118.0,0.0532,0.0746,0.0,31.39,603.0,339.0,340.0,91.0
39049004820,43672.0,999.0,42.0,0.0,39.0,0.0,103.0,15.0,1150.0,11.0,1150.0,73.0,2509.0,2509.0,420.0,239.0,1210.0,40.0,33.0,0.0,159.0,2509.0,728.0,1572.0,963.0,62.0,0.0635,0.0096,0.0,21.0,588.0,585.0,190.0,151.0
39049004900,42600.0,2297.0,207.0,60.0,102.0,66.0,0.0,203.0,2336.0,338.0,2340.0,205.0,5757.0,5757.0,754.0,720.0,1150.0,86.0,132.0,127.0,497.0,5757.0,1544.0,3799.0,2246.0,376.0,0.0876,0.1447,0.0565,20.48,1304.0,1295.0,522.0,433.0
39049005001,56397.0,555.0,23.0,0.0,0.0,58.0,6.0,0.0,676.0,33.0,711.0,23.0,1706.0,1706.0,133.0,130.0,963.0,11.0,32.0,40.0,80.0,1814.0,563.0,1059.0,649.0,104.0,0.0323,0.0488,0.0616,27.11,545.0,329.0,299.0,96.0
39049005002,21469.0,1113.0,100.0,0.0,0.0,0.0,26.0,95.0,1232.0,307.0,1232.0,76.0,3995.0,3995.0,508.0,318.0,967.0,0.0,0.0,85.0,411.0,3995.0,1150.0,2384.0,1655.0,505.0,0.0617,0.2492,0.0514,10.32,1202.0,999.0,559.0,218.0
39049005100,25288.0,493.0,98.0,0.0,5.0,22.0,0.0,10.0,498.0,71.0,520.0,105.0,2252.0,2252.0,327.0,228.0,649.0,73.0,61.0,6.0,138.0,2369.0,456.0,1605.0,763.0,229.0,0.2019,0.1426,0.0079,12.16,827.0,459.0,427.0,195.0
39049005200,101861.0,1863.0,135.0,0.0,11.0,18.0,23.0,0.0,2467.0,109.0,2477.0,8.0,3272.0,3272.0,40.0,62.0,1432.0,76.0,106.0,33.0,76.0,3272.0,425.0,2935.0,2059.0,111.0,0.0032,0.0442,0.016,48.97,123.0,129.0,409.0,33.0
39049005300,66362.0,1404.0,129.0,0.0,26.0,0.0,53.0,16.0,1635.0,154.0,1672.0,132.0,2660.0,2660.0,146.0,359.0,1297.0,46.0,32.0,88.0,159.0,2699.0,523.0,1915.0,1155.0,179.0,0.0789,0.0942,0.0762,31.9,483.0,347.0,120.0,152.0
39049005410,48732.0,642.0,11.0,21.0,49.0,7.0,18.0,90.0,802.0,142.0,802.0,51.0,1894.0,1894.0,193.0,154.0,1159.0,40.0,14.0,92.0,116.0,1894.0,369.0,1268.0,789.0,206.0,0.0636,0.1771,0.1166,23.43,221.0,385.0,250.0,196.0
39049005420,49609.0,866.0,51.0,7.0,30.0,9.0,9.0,14.0,925.0,58.0,925.0,50.0,2084.0,2084.0,268.0,149.0,1085.0,34.0,89.0,39.0,93.0,2084.0,589.0,1263.0,770.0,130.0,0.0541,0.0627,0.0506,23.85,371.0,518.0,232.0,196.0
39049005500,56667.0,1888.0,130.0,13.0,17.0,132.0,28.0,54.0,2284.0,159.0,2284.0,144.0,4678.0,4678.0,438.0,403.0,1043.0,87.0,204.0,129.0,150.0,4678.0,1047.0,3341.0,2060.0,328.0,0.063,0.0696,0.0626,27.24,1107.0,730.0,519.0,451.0
39049005610,71012.0,864.0,62.0,13.0,6.0,36.0,15.0,16.0,981.0,10.0,981.0,0.0,1579.0,1579.0,103.0,192.0,1206.0,78.0,16.0,52.0,95.0,1579.0,217.0,1258.0,752.0,26.0,0.0,0.0102,0.0691,34.14,100.0,164.0,30.0,29.0
39049005620,55162.0,1092.0,137.0,56.0,24.0,0.0,0.0,69.0,1196.0,54.0,1196.0,35.0,2268.0,2268.0,304.0,146.0,1360.0,21.0,30.0,79.0,164.0,2268.0,526.0,1685.0,1057.0,143.0,0.0293,0.0452,0.0747,26.52,405.0,229.0,194.0,147.0
39049005700,128710.0,2071.0,266.0,0.0,11.0,0.0,0.0,0.0,3003.0,43.0,3003.0,0.0,3861.0,3861.0,0.0,16.0,1753.0,113.0,33.0,46.0,50.0,3861.0,197.0,3324.0,2261.0,60.0,0.0,0.0143,0.0203,61.88,169.0,120.0,634.0,0.0
39049005810,97070.0,1755.0,103.0,49.0,0.0,64.0,104.0,0.0,2113.0,14.0,2113.0,26.0,2833.0,2833.0,19.0,12.0,1636.0,76.0,5.0,50.0,93.0,2833.0,316.0,2479.0,1559.0,31.0,0.0123,0.0066,0.0321,46.67,150.0,110.0,272.0,27.0
39049005820,93803.0,1177.0,40.0,86.0,21.0,0.0,25.0,57.0,1563.0,29.0,1572.0,29.0,2276.0,2276.0,0.0,133.0,1173.0,10.0,111.0,20.0,105.0,2276.0,326.0,1912.0,1173.0,119.0,0.0184,0.0186,0.0171,45.1,484.0,195.0,149.0,96.0
39049005900,53148.0,974.0,85.0,0.0,38.0,21.0,38.0,12.0,1054.0,147.0,1054.0,38.0,2363.0,2363.0,306.0,292.0,1286.0,92.0,74.0,15.0,181.0,2363.0,560.0,1410.0,944.0,209.0,0.0361,0.1395,0.0159,25.55,494.0,458.0,239.0,216.0
39049006000,49933.0,976.0,145.0,6.0,23.0,43.0,8.0,12.0,1143.0,67.0,1143.0,20.0,2056.0,2056.0,137.0,167.0,1296.0,35.0,11.0,114.0,77.0,2056.0,450.0,1491.0,883.0,92.0,0.0175,0.0586,0.1291,24.01,259.0,288.0,195.0,161.0
39049006100,55945.0,1053.0,90.0,0.0,0.0,10.0,47.0,0.0,1126.0,74.0,1136.0,18.0,2601.0,2601.0,127.0,136.0,1137.0,80.0,63.0,105.0,165.0,2601.0,346.0,1671.0,1147.0,197.0,0.0158,0.0657,0.0915,26.9,574.0,313.0,281.0,144.0
39049006236,208606.0,2343.0,535.0,36.0,39.0,55.0,7.0,11.0,3083.0,0.0,3083.0,0.0,6255.0,6255.0,0.0,21.0,,0.0,0.0,0.0,0.0,6255.0,2069.0,3791.0,1923.0,0.0,0.0,0.0,0.0,100.29,235.0,1610.0,892.0,55.0
39049006237,103470.0,2420.0,179.0,145.0,215.0,193.0,15.0,127.0,3907.0,424.0,3907.0,0.0,7119.0,7119.0,236.0,110.0,1577.0,141.0,37.0,124.0,159.0,7183.0,1833.0,4799.0,3148.0,390.0,0.0,0.1085,0.0394,49.75,627.0,1543.0,909.0,245.0
39049006238,107976.0,760.0,104.0,8.0,112.0,11.0,4.0,13.0,1050.0,36.0,1050.0,0.0,1946.0,1946.0,84.0,30.0,1853.0,47.0,8.0,10.0,58.0,1946.0,559.0,1356.0,838.0,26.0,0.0,0.0343,0.0119,51.91,141.0,396.0,334.0,119.0
39049006239,100066.0,2566.0,228.0,26.0,91.0,57.0,14.0,99.0,3471.0,0.0,3473.0,0.0,6377.0,6377.0,62.0,91.0,1714.0,128.0,263.0,51.0,255.0,6377.0,1453.0,4599.0,2863.0,0.0,0.0,0.0,0.0178,48.11,366.0,1247.0,698.0,169.0
39049006240,95482.0,2830.0,626.0,112.0,253.0,103.0,91.0,0.0,3672.0,43.0,3672.0,0.0,5209.0,5209.0,241.0,76.0,1941.0,79.0,21.0,15.0,103.0,5223.0,804.0,3836.0,2583.0,60.0,0.0,0.0117,0.0058,45.9,360.0,409.0,542.0,72.0
39049006241,108008.0,3663.0,267.0,34.0,125.0,79.0,61.0,0.0,4669.0,100.0,4669.0,0.0,9716.0,9716.0,93.0,24.0,1465.0,348.0,51.0,183.0,266.0,9716.0,2110.0,6487.0,4016.0,231.0,0.0,0.0214,0.0456,51.93,664.0,1274.0,1327.0,209.0
39049006301,99583.0,1014.0,186.0,35.0,30.0,35.0,12.0,12.0,1306.0,18.0,1306.0,0.0,2710.0,2710.0,118.0,115.0,1361.0,39.0,20.0,31.0,303.0,2710.0,636.0,2151.0,1320.0,45.0,0.0,0.0138,0.0235,47.88,234.0,429.0,607.0,104.0
39049006302,81548.0,1320.0,258.0,16.0,22.0,39.0,18.0,8.0,2388.0,19.0,2405.0,4.0,4801.0,4801.0,512.0,207.0,1667.0,203.0,90.0,79.0,272.0,4914.0,1052.0,3253.0,2052.0,65.0,0.0017,0.008,0.0385,39.21,447.0,840.0,603.0,466.0
39049006310,209762.0,1365.0,87.0,0.0,9.0,33.0,16.0,0.0,1968.0,0.0,1968.0,4.0,4289.0,4289.0,23.0,22.0,1571.0,0.0,0.0,0.0,0.0,4289.0,1231.0,2890.0,1528.0,0.0,0.002,0.0,0.0,100.85,336.0,1024.0,916.0,29.0
39049006321,171853.0,1577.0,93.0,6.0,10.0,21.0,65.0,16.0,2126.0,0.0,2126.0,8.0,4204.0,4204.0,17.0,55.0,1775.0,0.0,10.0,20.0,42.0,4298.0,1284.0,2933.0,1595.0,41.0,0.0038,0.0,0.0125,82.62,333.0,1095.0,859.0,134.0
39049006323,131667.0,1409.0,164.0,7.0,0.0,29.0,11.0,11.0,1791.0,15.0,1791.0,11.0,3644.0,3644.0,28.0,57.0,1515.0,0.0,15.0,12.0,77.0,3644.0,797.0,2677.0,1586.0,24.0,0.0061,0.0084,0.0076,63.3,228.0,647.0,866.0,68.0
39049006330,161563.0,1875.0,240.0,124.0,0.0,51.0,0.0,15.0,2591.0,30.0,2591.0,0.0,4590.0,4590.0,90.0,68.0,2037.0,0.0,0.0,0.0,47.0,4616.0,1130.0,3326.0,1993.0,15.0,0.0,0.0116,0.0,77.67,219.0,784.0,716.0,77.0
39049006340,118958.0,1499.0,107.0,33.0,7.0,29.0,46.0,25.0,1954.0,142.0,1954.0,0.0,3508.0,3508.0,8.0,15.0,1415.0,8.0,11.0,10.0,33.0,3508.0,797.0,2587.0,1571.0,142.0,0.0,0.0727,0.0064,57.19,244.0,611.0,714.0,50.0
39049006351,61806.0,1779.0,99.0,24.0,0.0,7.0,82.0,18.0,2128.0,18.0,2134.0,6.0,4217.0,4217.0,353.0,123.0,1162.0,56.0,13.0,138.0,179.0,4217.0,736.0,3233.0,2041.0,73.0,0.0028,0.0085,0.0676,29.71,678.0,478.0,967.0,83.0
39049006352,64590.0,2291.0,290.0,46.0,0.0,57.0,42.0,0.0,2714.0,142.0,2714.0,139.0,3520.0,3520.0,37.0,115.0,1331.0,197.0,137.0,190.0,159.0,3520.0,760.0,2537.0,1982.0,98.0,0.0512,0.0523,0.0959,31.05,306.0,134.0,126.0,0.0
39049006353,51306.0,2515.0,365.0,59.0,8.0,69.0,38.0,11.0,2883.0,177.0,2883.0,17.0,5043.0,5043.0,274.0,205.0,1157.0,248.0,145.0,89.0,256.0,5043.0,1017.0,3866.0,2876.0,301.0,0.0059,0.0614,0.0309,24.67,615.0,483.0,579.0,144.0
39049006372,61347.0,2636.0,510.0,16.0,149.0,32.0,14.0,11.0,3635.0,45.0,3635.0,20.0,7126.0,7126.0,720.0,517.0,1467.0,307.0,92.0,125.0,715.0,7214.0,1975.0,4634.0,3105.0,123.0,0.0055,0.0124,0.0403,29.49,507.0,1493.0,800.0,420.0
39049006384,103511.0,2838.0,443.0,112.0,287.0,48.0,0.0,0.0,3577.0,170.0,3577.0,0.0,6070.0,6070.0,47.0,133.0,1488.0,110.0,109.0,53.0,223.0,6070.0,1414.0,4185.0,2573.0,154.0,0.0,0.0475,0.0206,49.76,627.0,975.0,727.0,197.0
39049006386,77917.0,2507.0,298.0,28.0,81.0,30.0,50.0,130.0,3339.0,312.0,3339.0,0.0,5384.0,5384.0,180.0,174.0,1750.0,67.0,103.0,118.0,545.0,5461.0,920.0,4360.0,2941.0,406.0,0.0,0.0934,0.0401,37.46,475.0,632.0,790.0,203.0
39049006387,86159.0,2294.0,380.0,31.0,79.0,49.0,22.0,14.0,3077.0,23.0,3077.0,0.0,6209.0,6209.0,152.0,129.0,1614.0,104.0,114.0,84.0,293.0,6209.0,1237.0,4615.0,2939.0,260.0,0.0,0.0075,0.0286,41.42,735.0,797.0,1059.0,277.0
39049006391,198182.0,2019.0,183.0,57.0,23.0,27.0,52.0,8.0,2645.0,8.0,2645.0,11.0,5420.0,5420.0,12.0,48.0,1361.0,26.0,0.0,0.0,0.0,5420.0,1739.0,3469.0,1768.0,8.0,0.0042,0.003,0.0,95.28,257.0,1394.0,718.0,60.0
39049006392,169107.0,1351.0,102.0,21.0,0.0,20.0,25.0,0.0,2125.0,0.0,2125.0,13.0,4445.0,4445.0,18.0,47.0,1609.0,0.0,0.0,0.0,0.0,4445.0,1125.0,3059.0,1609.0,0.0,0.0061,0.0,0.0,81.3,473.0,835.0,970.0,69.0
39049006393,112339.0,1979.0,259.0,59.0,0.0,74.0,17.0,2.0,2872.0,0.0,2873.0,0.0,5574.0,5574.0,244.0,65.0,1304.0,16.0,14.0,32.0,44.0,5574.0,1430.0,3821.0,2098.0,128.0,0.0,0.0,0.0153,54.01,623.0,1122.0,898.0,133.0
39049006394,94155.0,1298.0,342.0,30.0,0.0,78.0,28.0,30.0,1613.0,0.0,1613.0,0.0,2705.0,2705.0,38.0,12.0,1348.0,13.0,37.0,0.0,0.0,2719.0,487.0,2133.0,1251.0,13.0,0.0,0.0,0.0,45.27,195.0,309.0,419.0,55.0
39049006395,74488.0,2294.0,233.0,49.0,12.0,16.0,77.0,46.0,2682.0,0.0,2682.0,26.0,3881.0,3881.0,163.0,105.0,1407.0,32.0,20.0,48.0,383.0,3881.0,548.0,2911.0,2115.0,23.0,0.0097,0.0,0.0227,35.81,338.0,289.0,327.0,49.0
39049006396,86185.0,2373.0,161.0,0.0,40.0,228.0,31.0,0.0,3074.0,159.0,3077.0,72.0,5318.0,5318.0,152.0,171.0,1418.0,162.0,9.0,206.0,187.0,5414.0,1264.0,4193.0,2607.0,221.0,0.0234,0.0517,0.079,41.44,658.0,816.0,1161.0,199.0
39049006397,67619.0,3108.0,492.0,141.0,21.0,67.0,0.0,0.0,3773.0,186.0,3773.0,34.0,6536.0,6536.0,484.0,277.0,1515.0,385.0,74.0,82.0,535.0,6536.0,1851.0,4102.0,2642.0,95.0,0.009,0.0493,0.031,32.51,867.0,1511.0,490.0,475.0
39049006398,169318.0,1346.0,144.0,79.0,135.0,70.0,7.0,12.0,1750.0,60.0,1750.0,0.0,3622.0,3622.0,10.0,12.0,1852.0,40.0,0.0,34.0,29.0,3622.0,1136.0,2443.0,1296.0,77.0,0.0,0.0343,0.0262,81.4,217.0,919.0,559.0,118.0
39049006410,152419.0,1105.0,159.0,19.0,2.0,0.0,103.0,0.0,1525.0,0.0,1525.0,0.0,3182.0,3182.0,48.0,31.0,1565.0,26.0,17.0,0.0,12.0,3182.0,872.0,2086.0,1182.0,0.0,0.0,0.0,0.0,73.28,117.0,688.0,373.0,35.0
39049006430,126926.0,1806.0,188.0,13.0,0.0,17.0,31.0,0.0,2559.0,188.0,2559.0,11.0,5141.0,5141.0,196.0,167.0,1612.0,64.0,21.0,146.0,163.0,5141.0,1570.0,3391.0,2029.0,138.0,0.0043,0.0735,0.072,61.02,387.0,1154.0,772.0,142.0
39049006500,179063.0,1082.0,97.0,16.0,19.0,16.0,10.0,5.0,1605.0,20.0,1605.0,6.0,3842.0,3842.0,0.0,36.0,1392.0,7.0,0.0,10.0,1.0,3842.0,1355.0,2350.0,1288.0,18.0,0.0037,0.0125,0.0078,86.09,152.0,1143.0,474.0,32.0
39049006600,238162.0,1631.0,117.0,15.0,22.0,10.0,27.0,10.0,2052.0,0.0,2052.0,10.0,3828.0,3828.0,37.0,46.0,1415.0,104.0,37.0,0.0,78.0,3971.0,1067.0,2767.0,1567.0,41.0,0.0049,0.0,0.0,114.5,314.0,818.0,790.0,38.0
39049006710,102021.0,1052.0,46.0,0.0,0.0,16.0,17.0,0.0,1349.0,6.0,1349.0,0.0,2886.0,2886.0,55.0,39.0,1181.0,55.0,48.0,36.0,51.0,2886.0,558.0,2234.0,1285.0,58.0,0.0,0.0044,0.028,49.05,255.0,447.0,657.0,47.0
39049006721,154500.0,1444.0,193.0,14.0,41.0,27.0,88.0,37.0,1902.0,6.0,1902.0,0.0,4010.0,4010.0,1.0,14.0,1212.0,24.0,22.0,75.0,7.0,4064.0,1121.0,2683.0,1608.0,20.0,0.0,0.0032,0.0466,74.28,185.0,958.0,851.0,11.0
39049006722,97708.0,1038.0,74.0,0.0,43.0,20.0,11.0,0.0,1392.0,22.0,1392.0,0.0,2755.0,2755.0,100.0,63.0,1139.0,0.0,6.0,63.0,52.0,2949.0,625.0,2099.0,1203.0,27.0,0.0,0.0158,0.0524,46.98,224.0,397.0,731.0,130.0
39049006810,125446.0,1070.0,110.0,21.0,123.0,49.0,26.0,3.0,1359.0,6.0,1359.0,0.0,2528.0,2528.0,16.0,15.0,1632.0,6.0,26.0,5.0,2.0,2528.0,697.0,1755.0,1075.0,11.0,0.0,0.0044,0.0047,60.31,182.0,542.0,459.0,126.0
39049006821,42898.0,1221.0,156.0,83.0,52.0,20.0,14.0,0.0,1798.0,9.0,1798.0,0.0,3623.0,3623.0,183.0,276.0,972.0,182.0,110.0,51.0,436.0,3701.0,760.0,2832.0,2064.0,417.0,0.0,0.005,0.0247,20.62,591.0,398.0,740.0,103.0
39049006822,93155.0,900.0,31.0,5.0,12.0,15.0,0.0,8.0,1149.0,0.0,1150.0,0.0,2121.0,2121.0,12.0,92.0,1233.0,6.0,12.0,20.0,23.0,2121.0,253.0,1741.0,987.0,12.0,0.0,0.0,0.0203,44.79,186.0,220.0,507.0,36.0
39049006910,197143.0,631.0,48.0,0.0,2.0,4.0,0.0,0.0,817.0,0.0,817.0,0.0,1765.0,1765.0,17.0,14.0,983.0,3.0,0.0,11.0,2.0,1768.0,530.0,1153.0,634.0,7.0,0.0,0.0,0.0174,94.78,91.0,419.0,270.0,29.0
39049006921,55747.0,1553.0,160.0,51.0,20.0,29.0,43.0,29.0,1840.0,18.0,1858.0,118.0,3311.0,3311.0,89.0,100.0,1130.0,53.0,8.0,126.0,252.0,3330.0,541.0,2274.0,1569.0,107.0,0.0635,0.0098,0.0803,26.8,431.0,469.0,407.0,157.0
39049006923,103094.0,1755.0,366.0,55.0,6.0,0.0,83.0,35.0,2103.0,98.0,2116.0,88.0,4466.0,4466.0,390.0,236.0,1080.0,0.0,34.0,0.0,118.0,4466.0,875.0,3067.0,1503.0,163.0,0.0416,0.0466,0.0,49.56,780.0,720.0,610.0,234.0
39049006924,61232.0,1873.0,322.0,0.0,1.0,14.0,45.0,92.0,2210.0,177.0,2210.0,101.0,4109.0,4109.0,203.0,313.0,987.0,101.0,93.0,129.0,134.0,4109.0,965.0,3126.0,1863.0,179.0,0.0457,0.0801,0.0692,29.44,427.0,594.0,472.0,165.0
39049006931,65334.0,2740.0,692.0,39.0,17.0,48.0,27.0,0.0,3143.0,82.0,3143.0,36.0,6966.0,6966.0,507.0,312.0,1234.0,228.0,14.0,60.0,300.0,7104.0,2090.0,4862.0,2697.0,144.0,0.0115,0.0261,0.0222,31.41,691.0,1318.0,667.0,703.0
39049006932,70893.0,3096.0,504.0,56.0,0.0,0.0,17.0,0.0,3618.0,114.0,3628.0,0.0,7317.0,7317.0,785.0,610.0,1144.0,109.0,0.0,108.0,244.0,7317.0,2229.0,4555.0,2558.0,80.0,0.0,0.0315,0.0422,34.08,981.0,1736.0,791.0,346.0
39049006933,40576.0,1935.0,161.0,133.0,64.0,0.0,58.0,14.0,2134.0,338.0,2134.0,32.0,6501.0,6501.0,1007.0,985.0,1050.0,16.0,203.0,214.0,440.0,6501.0,2221.0,3568.0,2247.0,493.0,0.015,0.1584,0.0952,19.51,644.0,1437.0,477.0,293.0
39049006943,63059.0,1650.0,316.0,26.0,0.0,50.0,9.0,10.0,2035.0,6.0,2036.0,8.0,4742.0,4742.0,608.0,302.0,1144.0,65.0,37.0,21.0,105.0,4742.0,1304.0,3054.0,1921.0,31.0,0.0039,0.0029,0.0109,30.32,797.0,1079.0,701.0,382.0
39049006944,71779.0,1761.0,302.0,60.0,11.0,108.0,15.0,32.0,2081.0,21.0,2081.0,9.0,4584.0,4584.0,228.0,185.0,1204.0,57.0,0.0,14.0,51.0,4584.0,809.0,3524.0,1962.0,31.0,0.0043,0.0101,0.0071,34.51,804.0,626.0,1147.0,27.0
39049006945,46515.0,2508.0,509.0,109.0,32.0,0.0,86.0,22.0,2778.0,184.0,2778.0,35.0,7026.0,7026.0,768.0,484.0,1215.0,195.0,45.0,289.0,488.0,7026.0,1451.0,4053.0,2528.0,352.0,0.0126,0.0662,0.1143,22.36,771.0,1172.0,458.0,315.0
39049006950,137118.0,1010.0,98.0,5.0,0.0,6.0,61.0,15.0,1297.0,0.0,1297.0,0.0,2631.0,2631.0,0.0,24.0,2477.0,0.0,0.0,0.0,10.0,2631.0,354.0,2243.0,1187.0,9.0,0.0,0.0,0.0,65.92,239.0,270.0,1008.0,17.0
39049006991,152964.0,1572.0,77.0,19.0,68.0,18.0,48.0,9.0,2257.0,29.0,2257.0,0.0,4416.0,4416.0,63.0,55.0,1718.0,38.0,9.0,0.0,22.0,4416.0,884.0,3185.0,1823.0,50.0,0.0,0.0128,0.0,73.54,283.0,611.0,959.0,33.0
39049006992,50367.0,1758.0,258.0,26.0,19.0,24.0,21.0,0.0,2021.0,151.0,2021.0,0.0,4128.0,4128.0,399.0,301.0,1182.0,103.0,202.0,80.0,476.0,4128.0,1199.0,2450.0,1992.0,177.0,0.0,0.0747,0.0402,24.21,376.0,799.0,174.0,450.0
39049007010,93188.0,1628.0,121.0,8.0,36.0,95.0,0.0,19.0,1603.0,24.0,2108.0,19.0,4270.0,4270.0,130.0,121.0,1041.0,90.0,22.0,45.0,55.0,4270.0,2224.0,2051.0,1154.0,52.0,0.009,0.015,0.039,44.8,592.0,493.0,432.0,57.0
39049007020,88347.0,2671.0,363.0,82.0,13.0,38.0,29.0,24.0,3484.0,112.0,3484.0,29.0,6510.0,6510.0,27.0,122.0,1220.0,166.0,96.0,89.0,44.0,6580.0,1445.0,4757.0,2810.0,127.0,0.0083,0.0321,0.0317,42.47,395.0,939.0,1217.0,159.0
39049007041,81969.0,1096.0,115.0,59.0,1.0,0.0,41.0,18.0,1296.0,0.0,1340.0,0.0,2186.0,2186.0,47.0,57.0,1438.0,52.0,17.0,10.0,144.0,2217.0,373.0,1577.0,1025.0,43.0,0.0,0.0,0.0098,39.41,202.0,281.0,412.0,55.0
39049007043,74492.0,2863.0,349.0,0.0,0.0,87.0,49.0,19.0,3742.0,212.0,3744.0,0.0,6059.0,6059.0,250.0,105.0,1567.0,238.0,193.0,82.0,583.0,6059.0,1517.0,4050.0,2992.0,148.0,0.0,0.0567,0.0274,35.81,694.0,1072.0,408.0,328.0
39049007044,95204.0,1998.0,85.0,47.0,26.0,89.0,5.0,24.0,3719.0,63.0,3719.0,0.0,5681.0,5681.0,140.0,118.0,1473.0,190.0,363.0,112.0,255.0,5791.0,769.0,4236.0,2904.0,59.0,0.0,0.0169,0.0386,45.77,453.0,470.0,683.0,129.0
39049007047,93828.0,1768.0,200.0,41.0,19.0,56.0,0.0,0.0,2258.0,33.0,2258.0,0.0,4090.0,4090.0,51.0,133.0,1369.0,177.0,26.0,45.0,162.0,4090.0,866.0,3075.0,1745.0,45.0,0.0,0.0146,0.0258,45.11,488.0,525.0,377.0,224.0
39049007048,102475.0,2568.0,179.0,61.0,49.0,15.0,8.0,33.0,3562.0,0.0,3562.0,0.0,5936.0,5936.0,155.0,91.0,1752.0,0.0,32.0,57.0,221.0,5936.0,1571.0,4063.0,2219.0,14.0,0.0,0.0,0.0257,49.27,732.0,1106.0,449.0,222.0
39049007101,95500.0,1213.0,59.0,16.0,9.0,54.0,0.0,0.0,1430.0,0.0,1431.0,1.0,2799.0,2799.0,57.0,115.0,1480.0,73.0,7.0,48.0,137.0,2882.0,764.0,1985.0,1130.0,23.0,0.0007,0.0,0.0425,45.91,204.0,570.0,475.0,184.0
39049007102,118750.0,1038.0,99.0,34.0,36.0,62.0,0.0,0.0,1387.0,0.0,1387.0,0.0,3161.0,3161.0,15.0,84.0,1337.0,29.0,41.0,53.0,125.0,3273.0,582.0,2520.0,1359.0,110.0,0.0,0.0,0.039,57.09,609.0,463.0,1159.0,67.0
39049007103,92768.0,2004.0,563.0,0.0,26.0,16.0,22.0,16.0,2263.0,24.0,2268.0,0.0,4074.0,4074.0,77.0,93.0,1637.0,65.0,9.0,61.0,202.0,4074.0,1085.0,2990.0,1703.0,24.0,0.0,0.0106,0.0358,44.6,234.0,753.0,483.0,153.0
39049007112,111800.0,2877.0,303.0,102.0,122.0,14.0,50.0,18.0,3532.0,106.0,3532.0,109.0,6762.0,6762.0,221.0,262.0,1142.0,137.0,86.0,14.0,49.0,6873.0,1916.0,4770.0,2336.0,124.0,0.0309,0.03,0.006,53.75,848.0,1134.0,900.0,362.0
39049007113,75161.0,2441.0,447.0,2.0,0.0,47.0,109.0,0.0,2909.0,21.0,2909.0,0.0,6093.0,6093.0,657.0,417.0,939.0,196.0,47.0,72.0,61.0,6093.0,1789.0,3350.0,1884.0,29.0,0.0,0.0072,0.0382,36.14,334.0,1328.0,481.0,234.0
39049007114,60101.0,2449.0,357.0,26.0,71.0,145.0,0.0,0.0,2897.0,103.0,2897.0,0.0,5568.0,5568.0,817.0,440.0,1400.0,20.0,8.0,191.0,372.0,5592.0,1645.0,3553.0,2268.0,177.0,0.0,0.0356,0.0842,28.89,384.0,1156.0,578.0,290.0
39049007115,58371.0,2446.0,392.0,167.0,39.0,58.0,9.0,13.0,2968.0,186.0,2968.0,57.0,5595.0,5595.0,355.0,213.0,1216.0,166.0,102.0,152.0,384.0,5682.0,1075.0,4125.0,2467.0,272.0,0.0192,0.0627,0.0616,28.06,896.0,902.0,855.0,153.0
39049007120,97216.0,2150.0,209.0,17.0,28.0,19.0,89.0,17.0,2787.0,21.0,2789.0,9.0,4729.0,4729.0,97.0,72.0,1611.0,7.0,43.0,37.0,22.0,4729.0,1142.0,3200.0,1751.0,18.0,0.0032,0.0075,0.0211,46.74,587.0,937.0,455.0,183.0
39049007193,137500.0,2146.0,217.0,20.0,13.0,40.0,10.0,0.0,3184.0,106.0,3184.0,50.0,6436.0,6436.0,76.0,110.0,955.0,61.0,15.0,42.0,16.0,6436.0,1813.0,4518.0,2372.0,128.0,0.0157,0.0333,0.0177,66.11,766.0,1288.0,1383.0,118.0
39049007198,97352.0,1206.0,142.0,58.0,2.0,28.0,3.0,11.0,1542.0,0.0,1542.0,68.0,3041.0,3041.0,151.0,11.0,1241.0,79.0,43.0,6.0,84.0,3041.0,874.0,1966.0,1177.0,0.0,0.0441,0.0,0.0051,46.8,402.0,612.0,374.0,203.0
39049007199,68375.0,3453.0,474.0,14.0,52.0,0.0,38.0,0.0,4022.0,56.0,4022.0,0.0,6923.0,6923.0,250.0,83.0,1198.0,59.0,64.0,84.0,293.0,6923.0,1486.0,4741.0,2992.0,114.0,0.0,0.0139,0.0281,32.87,627.0,1179.0,597.0,407.0
39049007202,75943.0,1808.0,143.0,3.0,19.0,37.0,96.0,0.0,2421.0,17.0,2421.0,18.0,4082.0,4082.0,424.0,158.0,1274.0,132.0,71.0,55.0,283.0,4082.0,896.0,2608.0,1763.0,48.0,0.0074,0.007,0.0312,36.51,288.0,687.0,253.0,259.0
39049007205,89750.0,3299.0,722.0,23.0,48.0,65.0,31.0,123.0,4320.0,35.0,4320.0,0.0,6035.0,6035.0,64.0,16.0,1856.0,41.0,98.0,116.0,142.0,6035.0,802.0,4708.0,3489.0,67.0,0.0,0.0081,0.0332,43.15,682.0,272.0,1208.0,155.0
39049007209,101714.0,4265.0,806.0,52.0,15.0,236.0,123.0,52.0,5681.0,0.0,5681.0,0.0,9262.0,9262.0,108.0,135.0,1746.0,176.0,157.0,116.0,471.0,9370.0,1695.0,6501.0,4417.0,65.0,0.0,0.0,0.0263,48.9,698.0,1087.0,1141.0,286.0
39049007211,244141.0,1387.0,148.0,46.0,19.0,66.0,58.0,6.0,1978.0,0.0,1978.0,0.0,4128.0,4128.0,32.0,44.0,2125.0,0.0,0.0,0.0,62.0,4128.0,1199.0,2655.0,1389.0,49.0,0.0,0.0,0.0,117.38,228.0,1057.0,402.0,98.0
39049007212,193401.0,1816.0,301.0,18.0,22.0,10.0,8.0,10.0,2641.0,21.0,2641.0,10.0,5142.0,5142.0,43.0,145.0,1590.0,55.0,32.0,43.0,94.0,5183.0,1456.0,3545.0,1853.0,83.0,0.0038,0.008,0.0232,92.98,388.0,1072.0,598.0,85.0
39049007213,217802.0,2148.0,417.0,79.0,28.0,63.0,112.0,5.0,2945.0,0.0,2945.0,0.0,5849.0,5849.0,15.0,38.0,2639.0,0.0,0.0,0.0,58.0,5849.0,1756.0,3942.0,1949.0,41.0,0.0,0.0,0.0,104.71,502.0,1529.0,952.0,65.0
39049007214,57717.0,1862.0,176.0,0.0,0.0,0.0,28.0,15.0,2335.0,106.0,2335.0,0.0,3568.0,3568.0,146.0,98.0,1504.0,318.0,58.0,162.0,137.0,3568.0,515.0,2979.0,2112.0,176.0,0.0,0.0454,0.0767,27.75,733.0,221.0,677.0,136.0
39049007215,101607.0,2485.0,328.0,46.0,97.0,58.0,0.0,54.0,3896.0,55.0,3896.0,0.0,6646.0,6646.0,12.0,10.0,1614.0,71.0,23.0,136.0,13.0,6710.0,1023.0,5280.0,3288.0,148.0,0.0,0.0141,0.0414,48.85,545.0,462.0,1273.0,67.0
39049007301,111452.0,3146.0,679.0,194.0,30.0,267.0,80.0,1.0,3625.0,171.0,3625.0,0.0,6451.0,6451.0,80.0,228.0,1305.0,0.0,84.0,0.0,66.0,6451.0,1369.0,4234.0,2364.0,129.0,0.0,0.0472,0.0,53.58,479.0,1182.0,481.0,159.0
39049007302,79459.0,2620.0,759.0,170.0,104.0,191.0,0.0,0.0,2883.0,0.0,2883.0,0.0,4134.0,4134.0,204.0,230.0,1768.0,0.0,14.0,170.0,65.0,4134.0,853.0,3143.0,2074.0,0.0,0.0,0.0,0.082,38.2,477.0,613.0,350.0,134.0
39049007303,85428.0,2569.0,450.0,47.0,95.0,20.0,0.0,0.0,3264.0,0.0,3264.0,0.0,6654.0,6654.0,373.0,131.0,930.0,0.0,47.0,0.0,118.0,6654.0,1708.0,4684.0,2504.0,112.0,0.0,0.0,0.0,41.07,728.0,1293.0,1191.0,297.0
39049007305,86840.0,1910.0,255.0,12.0,17.0,0.0,0.0,21.0,2362.0,67.0,2362.0,0.0,5082.0,5082.0,10.0,39.0,1664.0,32.0,266.0,50.0,139.0,5095.0,1267.0,3742.0,2303.0,174.0,0.0,0.0284,0.0217,41.75,885.0,1019.0,1177.0,207.0
39049007306,195385.0,1188.0,222.0,30.0,50.0,20.0,13.0,13.0,1995.0,0.0,1995.0,0.0,4091.0,4091.0,20.0,33.0,,0.0,11.0,6.0,0.0,4091.0,889.0,3036.0,1514.0,0.0,0.0,0.0,0.004,93.94,245.0,751.0,829.0,31.0
39049007394,204833.0,1258.0,256.0,58.0,40.0,65.0,28.0,11.0,1964.0,33.0,1964.0,0.0,4042.0,4042.0,31.0,41.0,,0.0,0.0,0.0,0.0,4068.0,1136.0,2747.0,1442.0,28.0,0.0,0.0168,0.0,98.48,282.0,790.0,645.0,38.0
39049007397,86354.0,1368.0,221.0,28.0,14.0,0.0,83.0,0.0,1768.0,29.0,1768.0,40.0,3314.0,3314.0,44.0,114.0,1357.0,46.0,14.0,30.0,65.0,3314.0,1051.0,2039.0,1438.0,41.0,0.0226,0.0164,0.0209,41.52,325.0,791.0,247.0,221.0
39049007398,113974.0,3598.0,339.0,407.0,149.0,162.0,0.0,0.0,4494.0,10.0,4494.0,43.0,9447.0,9447.0,187.0,405.0,2038.0,18.0,28.0,54.0,15.0,9447.0,3194.0,5662.0,2757.0,5.0,0.0096,0.0022,0.0196,54.8,663.0,2333.0,1018.0,166.0
39049007424,104190.0,2620.0,201.0,100.0,54.0,0.0,0.0,37.0,3275.0,89.0,3275.0,18.0,7265.0,7265.0,418.0,334.0,1468.0,98.0,21.0,16.0,88.0,7350.0,2252.0,4367.0,2167.0,119.0,0.0055,0.0272,0.0074,50.09,752.0,2015.0,939.0,247.0
39049007425,85104.0,817.0,43.0,0.0,0.0,0.0,7.0,0.0,1162.0,0.0,1162.0,0.0,2256.0,2256.0,11.0,18.0,1338.0,81.0,19.0,74.0,47.0,2305.0,492.0,1760.0,1100.0,12.0,0.0,0.0,0.0673,40.92,324.0,339.0,459.0,97.0
39049007426,110735.0,1870.0,347.0,83.0,20.0,15.0,10.0,53.0,2223.0,67.0,2223.0,0.0,3552.0,3552.0,65.0,61.0,1550.0,56.0,48.0,16.0,82.0,3552.0,670.0,2717.0,1566.0,106.0,0.0,0.0301,0.0102,53.24,212.0,447.0,500.0,200.0
39049007427,104348.0,2445.0,322.0,0.0,86.0,37.0,28.0,49.0,3043.0,26.0,3043.0,16.0,5674.0,5674.0,90.0,32.0,1313.0,78.0,59.0,14.0,93.0,5674.0,1587.0,3851.0,2436.0,132.0,0.0053,0.0085,0.0057,50.17,529.0,894.0,814.0,147.0
39049007492,108214.0,2242.0,194.0,91.0,22.0,27.0,18.0,0.0,3223.0,256.0,3223.0,22.0,6193.0,6193.0,199.0,303.0,1480.0,46.0,21.0,138.0,314.0,6325.0,1397.0,4433.0,2594.0,256.0,0.0068,0.0794,0.0532,52.03,645.0,1212.0,1148.0,250.0
39049007494,112250.0,1657.0,176.0,21.0,30.0,30.0,78.0,12.0,2182.0,26.0,2183.0,0.0,4118.0,4118.0,84.0,86.0,1414.0,11.0,0.0,8.0,17.0,4131.0,1322.0,2643.0,1478.0,14.0,0.0,0.0119,0.0054,53.97,203.0,1018.0,373.0,186.0
39049007511,42141.0,584.0,23.0,0.0,15.0,19.0,31.0,8.0,696.0,25.0,696.0,18.0,2194.0,2194.0,79.0,104.0,1195.0,38.0,12.0,30.0,196.0,2194.0,647.0,1288.0,923.0,59.0,0.0259,0.0359,0.0325,20.26,388.0,620.0,394.0,278.0
39049007512,49935.0,996.0,25.0,75.0,15.0,28.0,2.0,0.0,1650.0,144.0,1653.0,50.0,4669.0,4669.0,294.0,684.0,1219.0,39.0,46.0,67.0,156.0,4669.0,1044.0,2955.0,1695.0,219.0,0.0302,0.0873,0.0395,24.01,821.0,787.0,744.0,414.0
39049007520,39896.0,1170.0,174.0,29.0,0.0,9.0,20.0,0.0,1257.0,74.0,1257.0,30.0,3032.0,3032.0,330.0,347.0,1096.0,52.0,23.0,133.0,178.0,3032.0,586.0,1853.0,1150.0,100.0,0.0239,0.0589,0.1157,19.18,447.0,451.0,271.0,346.0
39049007531,42143.0,1267.0,109.0,97.0,50.0,9.0,40.0,24.0,1440.0,88.0,1440.0,75.0,2580.0,2580.0,184.0,202.0,849.0,73.0,105.0,23.0,105.0,2602.0,477.0,1761.0,1220.0,101.0,0.0521,0.0611,0.0189,20.26,204.0,289.0,276.0,229.0
39049007532,45000.0,1287.0,217.0,114.0,73.0,46.0,30.0,0.0,1400.0,56.0,1400.0,30.0,3193.0,3193.0,534.0,264.0,1122.0,102.0,71.0,178.0,234.0,3208.0,737.0,1889.0,1192.0,67.0,0.0214,0.04,0.1493,21.63,224.0,540.0,60.0,229.0
39049007533,48558.0,677.0,79.0,22.0,0.0,7.0,42.0,11.0,776.0,13.0,776.0,8.0,1856.0,1856.0,124.0,91.0,1127.0,37.0,0.0,11.0,77.0,1856.0,540.0,1192.0,659.0,21.0,0.0103,0.0168,0.0167,23.35,355.0,414.0,183.0,124.0
39049007534,42135.0,1275.0,102.0,22.0,0.0,71.0,45.0,0.0,1444.0,26.0,1444.0,25.0,4142.0,4142.0,578.0,374.0,1010.0,81.0,74.0,188.0,74.0,4142.0,1374.0,2472.0,1411.0,176.0,0.0173,0.018,0.1332,20.26,436.0,1140.0,334.0,194.0
39049007550,79028.0,1062.0,103.0,84.0,50.0,0.0,31.0,3.0,1271.0,0.0,1376.0,3.0,2893.0,2893.0,19.0,105.0,1318.0,155.0,0.0,39.0,127.0,2967.0,812.0,1913.0,1157.0,80.0,0.0022,0.0,0.0337,37.99,444.0,386.0,502.0,47.0
39049007552,66544.0,1364.0,273.0,0.0,0.0,13.0,15.0,34.0,1643.0,78.0,1643.0,0.0,4795.0,4795.0,791.0,319.0,947.0,28.0,91.0,0.0,172.0,4795.0,2162.0,2279.0,1250.0,88.0,0.0,0.0475,0.0,31.99,333.0,1688.0,277.0,336.0
39049007553,49219.0,2277.0,298.0,59.0,109.0,28.0,62.0,0.0,3043.0,291.0,3043.0,8.0,5915.0,5915.0,1008.0,398.0,1395.0,226.0,107.0,281.0,597.0,5915.0,851.0,3448.0,2379.0,309.0,0.0026,0.0956,0.1181,23.66,508.0,1384.0,296.0,387.0
39049007710,48725.0,1569.0,214.0,23.0,76.0,31.0,138.0,0.0,1846.0,133.0,1848.0,221.0,4247.0,4247.0,646.0,303.0,1052.0,89.0,0.0,112.0,159.0,4247.0,945.0,2918.0,1738.0,245.0,0.1196,0.072,0.0644,23.43,856.0,732.0,719.0,329.0
39049007721,44269.0,2613.0,249.0,336.0,86.0,0.0,113.0,0.0,2723.0,143.0,2726.0,285.0,5823.0,5823.0,856.0,778.0,1127.0,80.0,154.0,190.0,328.0,5886.0,1507.0,3426.0,1856.0,190.0,0.1045,0.0525,0.1024,21.28,278.0,1091.0,211.0,346.0
39049007722,62372.0,1793.0,167.0,26.0,55.0,89.0,44.0,12.0,2033.0,89.0,2034.0,93.0,4177.0,4177.0,457.0,127.0,889.0,33.0,0.0,48.0,109.0,4177.0,1296.0,2756.0,1593.0,96.0,0.0457,0.0438,0.0301,29.99,489.0,982.0,584.0,239.0
39049007730,64185.0,1475.0,247.0,36.0,0.0,12.0,150.0,11.0,1910.0,11.0,1910.0,44.0,3252.0,3252.0,248.0,58.0,985.0,12.0,26.0,0.0,177.0,3252.0,674.0,2363.0,1313.0,106.0,0.023,0.0058,0.0,30.86,404.0,597.0,330.0,151.0
39049007740,58516.0,614.0,86.0,11.0,17.0,27.0,20.0,6.0,719.0,18.0,719.0,21.0,1647.0,1647.0,36.0,58.0,832.0,23.0,12.0,19.0,36.0,1653.0,171.0,1385.0,852.0,114.0,0.0292,0.025,0.0223,28.13,376.0,105.0,558.0,20.0
39049007811,72917.0,1556.0,72.0,7.0,19.0,56.0,55.0,34.0,1874.0,39.0,1874.0,32.0,4010.0,4010.0,380.0,171.0,1136.0,17.0,37.0,119.0,190.0,4010.0,926.0,3050.0,1909.0,88.0,0.0171,0.0208,0.0623,35.06,457.0,479.0,713.0,89.0
39049007812,80375.0,2234.0,152.0,0.0,17.0,54.0,38.0,76.0,2681.0,120.0,2681.0,30.0,4525.0,4525.0,146.0,75.0,1719.0,80.0,102.0,167.0,348.0,4747.0,997.0,3211.0,2186.0,233.0,0.0112,0.0448,0.0764,38.64,555.0,290.0,899.0,123.0
39049007820,47847.0,2149.0,171.0,210.0,34.0,160.0,89.0,0.0,2279.0,334.0,2279.0,347.0,4233.0,4233.0,329.0,247.0,1079.0,24.0,68.0,239.0,323.0,4233.0,1548.0,2265.0,1982.0,374.0,0.1523,0.1466,0.1206,23.0,281.0,469.0,116.0,180.0
39049007830,38983.0,1808.0,171.0,0.0,0.0,12.0,71.0,29.0,2026.0,132.0,2026.0,34.0,2743.0,2743.0,0.0,106.0,1241.0,111.0,107.0,184.0,648.0,2752.0,973.0,1912.0,1863.0,127.0,0.0168,0.0652,0.0988,18.74,131.0,55.0,144.0,17.0
39049007922,119792.0,3274.0,524.0,111.0,209.0,90.0,34.0,0.0,4121.0,100.0,4121.0,22.0,6493.0,6493.0,165.0,176.0,1731.0,101.0,36.0,75.0,165.0,6580.0,1622.0,4799.0,2662.0,101.0,0.0053,0.0243,0.0282,57.59,690.0,1080.0,729.0,191.0
39049007931,130634.0,1741.0,289.0,16.0,52.0,62.0,26.0,0.0,2276.0,28.0,2276.0,18.0,4362.0,4362.0,109.0,51.0,1448.0,9.0,9.0,0.0,38.0,4362.0,1056.0,3016.0,1688.0,28.0,0.0079,0.0123,0.0,62.8,433.0,795.0,423.0,92.0
39049007941,98352.0,1567.0,265.0,43.0,0.0,53.0,32.0,0.0,1901.0,0.0,1901.0,0.0,3231.0,3231.0,101.0,19.0,1554.0,58.0,15.0,32.0,239.0,3235.0,641.0,2323.0,1447.0,0.0,0.0,0.0,0.0221,47.28,218.0,435.0,357.0,52.0
39049007955,106875.0,1285.0,174.0,35.0,29.0,15.0,18.0,12.0,1631.0,0.0,1631.0,0.0,2773.0,2773.0,113.0,103.0,2130.0,55.0,0.0,0.0,10.0,2773.0,501.0,2000.0,1088.0,14.0,0.0,0.0,0.0,51.38,529.0,302.0,291.0,168.0
39049007956,105187.0,1719.0,248.0,37.0,33.0,49.0,35.0,18.0,2292.0,15.0,2292.0,0.0,5000.0,5000.0,541.0,184.0,1758.0,29.0,0.0,16.0,0.0,5000.0,1739.0,3236.0,1827.0,26.0,0.0,0.0065,0.0088,50.57,646.0,1343.0,494.0,217.0
39049007957,92378.0,2939.0,441.0,142.0,20.0,199.0,50.0,129.0,3314.0,0.0,3314.0,0.0,5708.0,5708.0,0.0,141.0,1526.0,176.0,0.0,153.0,29.0,5781.0,1222.0,4409.0,2763.0,84.0,0.0,0.0,0.0554,44.41,962.0,828.0,1020.0,446.0
39049007958,147159.0,1383.0,368.0,0.0,28.0,0.0,29.0,67.0,1755.0,0.0,1755.0,25.0,3418.0,3418.0,26.0,39.0,3501.0,5.0,0.0,22.0,86.0,3455.0,728.0,2573.0,1355.0,77.0,0.0142,0.0,0.0162,70.75,242.0,534.0,739.0,28.0
39049007959,92336.0,1304.0,131.0,12.0,153.0,22.0,11.0,0.0,1538.0,0.0,1538.0,0.0,2115.0,2115.0,69.0,18.0,1429.0,26.0,0.0,1.0,8.0,2120.0,289.0,1396.0,883.0,0.0,0.0,0.0,0.0011,44.39,290.0,227.0,211.0,41.0
39049007960,96875.0,1908.0,399.0,12.0,41.0,92.0,54.0,26.0,2646.0,0.0,2646.0,0.0,4593.0,4593.0,183.0,245.0,1767.0,8.0,15.0,24.0,64.0,4613.0,1030.0,3337.0,1765.0,11.0,0.0,0.0,0.0136,46.57,419.0,706.0,365.0,247.0
39049007961,170833.0,2025.0,428.0,93.0,41.0,193.0,37.0,0.0,2917.0,0.0,2917.0,0.0,5484.0,5484.0,126.0,62.0,1925.0,0.0,22.0,10.0,22.0,5495.0,1791.0,3366.0,1724.0,13.0,0.0,0.0,0.0058,82.13,199.0,1574.0,538.0,80.0
39049007962,99643.0,2308.0,210.0,66.0,103.0,44.0,15.0,0.0,3113.0,86.0,3113.0,0.0,5737.0,5737.0,136.0,56.0,1457.0,90.0,207.0,15.0,136.0,5749.0,1712.0,3523.0,2202.0,42.0,0.0,0.0276,0.0068,47.91,360.0,1357.0,464.0,289.0
39049007963,125188.0,1496.0,100.0,63.0,0.0,25.0,61.0,42.0,2157.0,0.0,2157.0,0.0,3859.0,3859.0,0.0,280.0,,0.0,0.0,13.0,0.0,3877.0,878.0,2712.0,1539.0,0.0,0.0,0.0,0.0084,60.19,182.0,710.0,465.0,103.0
39049007964,95400.0,3038.0,278.0,116.0,75.0,60.0,203.0,17.0,3764.0,59.0,3764.0,6.0,6309.0,6309.0,77.0,195.0,1463.0,80.0,75.0,235.0,78.0,6309.0,1534.0,4497.0,2842.0,75.0,0.0016,0.0157,0.0827,45.87,401.0,937.0,576.0,167.0
39049007965,71484.0,2133.0,266.0,0.0,33.0,74.0,17.0,53.0,2440.0,118.0,2440.0,0.0,3730.0,3730.0,77.0,113.0,1372.0,132.0,165.0,134.0,114.0,3730.0,784.0,2363.0,1719.0,126.0,0.0,0.0484,0.078,34.37,302.0,475.0,325.0,117.0
39049007966,87889.0,2893.0,315.0,57.0,119.0,324.0,57.0,45.0,3108.0,51.0,3108.0,0.0,5724.0,5724.0,349.0,275.0,1308.0,34.0,106.0,37.0,503.0,5796.0,1662.0,3592.0,2104.0,26.0,0.0,0.0164,0.0176,42.25,364.0,1209.0,239.0,204.0
39049008001,123871.0,1435.0,130.0,50.0,10.0,19.0,48.0,18.0,1792.0,0.0,1792.0,0.0,3521.0,3521.0,19.0,1.0,1522.0,32.0,0.0,13.0,0.0,3521.0,994.0,2500.0,1264.0,0.0,0.0,0.0,0.0103,59.55,289.0,791.0,464.0,30.0
39049008002,97566.0,1587.0,194.0,97.0,52.0,67.0,25.0,8.0,1878.0,0.0,1878.0,0.0,3559.0,3559.0,61.0,73.0,,0.0,0.0,0.0,0.0,3559.0,1104.0,2271.0,1334.0,12.0,0.0,0.0,0.0,46.91,255.0,887.0,284.0,158.0
39049008110,52979.0,1996.0,191.0,24.0,8.0,36.0,10.0,0.0,2270.0,44.0,2270.0,15.0,4063.0,4063.0,125.0,174.0,994.0,125.0,0.0,28.0,124.0,4063.0,792.0,2794.0,1708.0,181.0,0.0066,0.0194,0.0164,25.47,680.0,780.0,615.0,124.0
39049008120,50852.0,1619.0,220.0,0.0,46.0,14.0,61.0,60.0,1761.0,99.0,1761.0,96.0,3886.0,3886.0,275.0,360.0,1022.0,16.0,15.0,88.0,186.0,3886.0,835.0,2579.0,1551.0,196.0,0.0545,0.0562,0.0567,24.45,877.0,552.0,541.0,109.0
39049008132,67491.0,3534.0,477.0,9.0,142.0,53.0,78.0,124.0,3875.0,163.0,3875.0,9.0,6422.0,6422.0,347.0,248.0,1297.0,16.0,13.0,273.0,202.0,6422.0,1095.0,4800.0,2987.0,171.0,0.0023,0.0421,0.0914,32.45,915.0,912.0,694.0,230.0
39049008163,50707.0,1754.0,163.0,3.0,66.0,87.0,14.0,47.0,1802.0,170.0,1802.0,110.0,3523.0,3523.0,342.0,89.0,1022.0,110.0,38.0,137.0,83.0,3523.0,1059.0,2259.0,1573.0,115.0,0.061,0.0943,0.0871,24.38,724.0,685.0,316.0,207.0
39049008164,61953.0,2470.0,267.0,24.0,0.0,41.0,55.0,45.0,2518.0,93.0,2518.0,0.0,5046.0,5046.0,418.0,338.0,1194.0,118.0,49.0,118.0,227.0,5046.0,1268.0,2894.0,1904.0,99.0,0.0,0.0369,0.062,29.79,726.0,1089.0,538.0,205.0
39049008165,73641.0,1087.0,111.0,12.0,12.0,0.0,15.0,25.0,1201.0,0.0,1201.0,0.0,2043.0,2043.0,72.0,59.0,1322.0,0.0,11.0,35.0,54.0,2043.0,311.0,1464.0,897.0,12.0,0.0,0.0,0.039,35.4,321.0,193.0,382.0,96.0
39049008166,122135.0,2492.0,289.0,54.0,70.0,90.0,9.0,41.0,3091.0,34.0,3091.0,22.0,5261.0,5261.0,269.0,89.0,2026.0,40.0,19.0,29.0,59.0,5261.0,996.0,3826.0,1910.0,26.0,0.0071,0.011,0.0152,58.72,432.0,777.0,602.0,129.0
39049008167,76219.0,1219.0,163.0,19.0,29.0,0.0,0.0,24.0,1570.0,8.0,1570.0,0.0,3139.0,3139.0,114.0,44.0,1387.0,36.0,0.0,56.0,114.0,3139.0,889.0,2013.0,1215.0,8.0,0.0,0.0051,0.0461,36.64,204.0,689.0,297.0,162.0
39049008168,64415.0,1769.0,247.0,75.0,60.0,30.0,7.0,2.0,1863.0,56.0,1863.0,0.0,3706.0,3706.0,112.0,200.0,1363.0,27.0,57.0,7.0,236.0,3706.0,867.0,2611.0,1538.0,56.0,0.0,0.0301,0.0046,30.97,481.0,601.0,432.0,66.0
39049008169,75134.0,2132.0,321.0,18.0,136.0,44.0,15.0,0.0,2443.0,0.0,2443.0,0.0,4363.0,4363.0,229.0,235.0,1275.0,86.0,174.0,0.0,198.0,4385.0,1132.0,3075.0,1956.0,105.0,0.0,0.0,0.0,36.12,928.0,792.0,581.0,185.0
39049008170,100417.0,2048.0,428.0,63.0,27.0,157.0,23.0,24.0,2570.0,57.0,2570.0,43.0,6018.0,6018.0,143.0,183.0,1466.0,43.0,23.0,11.0,122.0,6031.0,1494.0,3933.0,1902.0,65.0,0.0167,0.0222,0.0058,48.28,802.0,1047.0,743.0,174.0
39049008171,60409.0,2212.0,506.0,0.0,32.0,79.0,0.0,0.0,2510.0,23.0,2510.0,0.0,3420.0,3420.0,90.0,72.0,1250.0,183.0,40.0,64.0,318.0,3420.0,619.0,2356.0,1791.0,31.0,0.0,0.0092,0.0357,29.04,92.0,451.0,447.0,192.0
39049008172,87917.0,3259.0,346.0,49.0,94.0,168.0,72.0,0.0,3866.0,323.0,3866.0,0.0,6712.0,6712.0,214.0,197.0,1401.0,19.0,209.0,34.0,296.0,6727.0,1587.0,4450.0,2805.0,202.0,0.0,0.0835,0.0121,42.27,607.0,1137.0,515.0,125.0
39049008210,48947.0,1062.0,47.0,0.0,0.0,111.0,59.0,43.0,1133.0,66.0,1133.0,31.0,2329.0,2329.0,91.0,133.0,958.0,23.0,18.0,10.0,146.0,2329.0,477.0,1581.0,1006.0,123.0,0.0274,0.0583,0.0099,23.53,361.0,425.0,331.0,125.0
39049008230,37148.0,875.0,88.0,0.0,12.0,14.0,17.0,51.0,958.0,100.0,958.0,50.0,3322.0,3322.0,840.0,178.0,1435.0,11.0,58.0,9.0,323.0,3368.0,1408.0,1356.0,819.0,92.0,0.0522,0.1044,0.011,17.86,202.0,1176.0,98.0,400.0
39049008241,48868.0,1333.0,174.0,48.0,0.0,23.0,11.0,4.0,1406.0,5.0,1406.0,3.0,3064.0,3064.0,488.0,70.0,1283.0,117.0,54.0,99.0,209.0,3064.0,803.0,1907.0,1237.0,48.0,0.0021,0.0036,0.08,23.49,395.0,691.0,255.0,305.0
39049008242,82219.0,2434.0,327.0,98.0,67.0,157.0,13.0,11.0,3325.0,0.0,3325.0,0.0,5816.0,5816.0,230.0,79.0,1551.0,43.0,31.0,180.0,413.0,5834.0,1069.0,4311.0,2661.0,46.0,0.0,0.0,0.0676,39.53,468.0,871.0,909.0,404.0
39049008311,45472.0,1428.0,172.0,89.0,50.0,54.0,87.0,25.0,1544.0,204.0,1544.0,56.0,4372.0,4372.0,515.0,66.0,1190.0,157.0,84.0,26.0,213.0,4372.0,1205.0,2332.0,1730.0,404.0,0.0363,0.1321,0.015,21.86,549.0,985.0,411.0,481.0
39049008312,29881.0,1339.0,87.0,27.0,89.0,61.0,26.0,10.0,1417.0,129.0,1417.0,52.0,5085.0,5085.0,733.0,388.0,818.0,147.0,99.0,54.0,351.0,5085.0,1464.0,2921.0,1940.0,401.0,0.0367,0.091,0.0278,14.37,1108.0,1367.0,532.0,548.0
39049008321,59107.0,1317.0,176.0,4.0,0.0,41.0,0.0,11.0,1501.0,104.0,1501.0,25.0,3274.0,3274.0,64.0,113.0,1130.0,14.0,0.0,14.0,156.0,3274.0,793.0,2157.0,1167.0,93.0,0.0167,0.0693,0.012,28.42,472.0,632.0,423.0,201.0
39049008322,58659.0,2497.0,643.0,37.0,0.0,92.0,70.0,13.0,2769.0,26.0,2769.0,0.0,5520.0,5520.0,401.0,229.0,1163.0,73.0,0.0,116.0,163.0,5520.0,1331.0,3813.0,2202.0,58.0,0.0,0.0094,0.0527,28.2,807.0,1282.0,594.0,378.0
39049008330,42679.0,822.0,105.0,0.0,22.0,7.0,0.0,0.0,851.0,42.0,851.0,0.0,1862.0,1862.0,181.0,49.0,1013.0,36.0,41.0,30.0,104.0,1862.0,388.0,1181.0,723.0,55.0,0.0,0.0494,0.0415,20.52,318.0,371.0,243.0,225.0
39049008340,54954.0,1653.0,278.0,0.0,45.0,55.0,23.0,0.0,1946.0,65.0,1949.0,0.0,4592.0,4592.0,290.0,343.0,1097.0,94.0,61.0,45.0,206.0,5054.0,1020.0,3739.0,1687.0,237.0,0.0,0.0334,0.0267,26.42,983.0,810.0,816.0,170.0
39049008350,57115.0,3083.0,524.0,16.0,0.0,0.0,171.0,0.0,3923.0,77.0,3923.0,0.0,7533.0,7533.0,603.0,741.0,1313.0,181.0,81.0,5.0,664.0,7628.0,1664.0,4665.0,3130.0,194.0,0.0,0.0196,0.0016,27.46,827.0,1051.0,716.0,426.0
39049008360,88615.0,3114.0,390.0,26.0,181.0,297.0,27.0,33.0,3664.0,7.0,3664.0,25.0,6576.0,6576.0,375.0,244.0,1418.0,116.0,40.0,0.0,46.0,6824.0,1298.0,4923.0,2436.0,24.0,0.0068,0.0019,0.0,42.6,532.0,928.0,978.0,250.0
39049008380,92065.0,1878.0,273.0,0.0,35.0,8.0,16.0,53.0,2353.0,179.0,2353.0,0.0,4023.0,4023.0,150.0,133.0,1320.0,63.0,31.0,19.0,18.0,5451.0,1098.0,3865.0,1570.0,118.0,0.0,0.0761,0.0121,44.26,720.0,772.0,455.0,238.0
39049008381,64864.0,2056.0,59.0,20.0,0.0,93.0,134.0,41.0,2359.0,0.0,2359.0,10.0,4384.0,4384.0,241.0,317.0,1307.0,48.0,102.0,16.0,22.0,4384.0,896.0,3227.0,1776.0,0.0,0.0042,0.0,0.009,31.18,790.0,609.0,744.0,120.0
39049008382,93549.0,1639.0,116.0,30.0,33.0,64.0,87.0,12.0,1980.0,5.0,1980.0,0.0,3182.0,3182.0,99.0,96.0,1546.0,13.0,14.0,2.0,71.0,3199.0,609.0,2240.0,1301.0,17.0,0.0,0.0025,0.0015,44.98,215.0,424.0,234.0,67.0
39049008400,134750.0,1536.0,97.0,56.0,2.0,9.0,30.0,2.0,2073.0,0.0,2073.0,0.0,3938.0,3938.0,7.0,17.0,1219.0,7.0,10.0,103.0,62.0,3939.0,1111.0,2842.0,1741.0,11.0,0.0,0.0,0.0592,64.78,265.0,805.0,607.0,20.0
39049008500,101686.0,3027.0,244.0,0.0,70.0,83.0,38.0,59.0,3919.0,0.0,3919.0,41.0,5651.0,5651.0,45.0,72.0,1753.0,96.0,99.0,154.0,272.0,5651.0,1316.0,4297.0,2802.0,0.0,0.0105,0.0,0.055,48.89,262.0,714.0,526.0,113.0
39049008710,45069.0,722.0,149.0,20.0,9.0,14.0,27.0,0.0,792.0,35.0,795.0,19.0,2286.0,2286.0,45.0,58.0,983.0,0.0,6.0,24.0,75.0,2286.0,447.0,1698.0,1143.0,138.0,0.0239,0.0442,0.021,21.67,404.0,302.0,672.0,148.0
39049008720,43821.0,1365.0,432.0,1.0,0.0,10.0,0.0,32.0,1529.0,32.0,1533.0,49.0,3601.0,3601.0,287.0,409.0,747.0,8.0,32.0,23.0,134.0,3601.0,525.0,2720.0,1573.0,231.0,0.032,0.0209,0.0146,21.07,841.0,470.0,514.0,188.0
39049008730,34250.0,619.0,44.0,0.0,0.0,80.0,22.0,5.0,674.0,120.0,682.0,98.0,1905.0,1905.0,125.0,184.0,1076.0,80.0,9.0,65.0,201.0,2052.0,456.0,1272.0,784.0,184.0,0.1437,0.178,0.0829,16.47,357.0,373.0,180.0,174.0
39049008811,46667.0,694.0,48.0,6.0,0.0,17.0,6.0,13.0,731.0,52.0,731.0,67.0,1798.0,1798.0,193.0,132.0,967.0,6.0,6.0,7.0,39.0,1798.0,403.0,1304.0,716.0,41.0,0.0917,0.0711,0.0098,22.44,589.0,325.0,299.0,50.0
39049008812,77785.0,1593.0,163.0,1.0,57.0,16.0,63.0,0.0,1710.0,96.0,1710.0,17.0,3247.0,3247.0,159.0,176.0,1363.0,62.0,0.0,46.0,106.0,3247.0,721.0,2522.0,1328.0,105.0,0.0099,0.0561,0.0346,37.4,686.0,565.0,597.0,118.0
39049008813,61667.0,918.0,146.0,0.0,39.0,12.0,7.0,0.0,952.0,0.0,952.0,28.0,2238.0,2238.0,239.0,143.0,1368.0,27.0,23.0,59.0,69.0,2238.0,532.0,1471.0,916.0,29.0,0.0294,0.0,0.0644,29.65,323.0,446.0,417.0,161.0
39049008821,52917.0,854.0,61.0,0.0,29.0,58.0,0.0,37.0,971.0,0.0,971.0,10.0,2573.0,2573.0,50.0,70.0,1136.0,0.0,36.0,27.0,81.0,2582.0,307.0,1935.0,1079.0,0.0,0.0103,0.0,0.025,25.44,667.0,275.0,512.0,193.0
39049008822,36437.0,1671.0,270.0,51.0,0.0,0.0,0.0,14.0,1771.0,44.0,1771.0,47.0,3931.0,3931.0,186.0,399.0,771.0,165.0,14.0,107.0,252.0,4056.0,795.0,2920.0,1864.0,384.0,0.0265,0.0248,0.0574,17.52,976.0,660.0,779.0,277.0
39049008825,77328.0,2690.0,242.0,27.0,59.0,96.0,31.0,26.0,3117.0,212.0,3117.0,0.0,6288.0,6288.0,167.0,328.0,1468.0,0.0,18.0,15.0,93.0,6288.0,1215.0,4566.0,2269.0,158.0,0.0,0.068,0.0066,37.18,1348.0,794.0,920.0,369.0
39049008900,108212.0,2105.0,294.0,0.0,23.0,28.0,23.0,10.0,2231.0,13.0,2660.0,20.0,5076.0,5076.0,26.0,52.0,1144.0,18.0,19.0,79.0,85.0,5111.0,2265.0,2662.0,1659.0,69.0,0.0075,0.0058,0.0476,52.02,520.0,834.0,612.0,195.0
39049009000,159091.0,1087.0,19.0,10.0,9.0,25.0,21.0,39.0,1378.0,0.0,1413.0,0.0,3360.0,3360.0,14.0,21.0,1370.0,25.0,22.0,17.0,32.0,3367.0,1117.0,2168.0,1132.0,35.0,0.0,0.0,0.015,76.49,191.0,890.0,519.0,83.0
39049009100,190729.0,1485.0,60.0,59.0,21.0,42.0,18.0,0.0,2332.0,12.0,2332.0,0.0,4636.0,4636.0,9.0,28.0,1411.0,21.0,63.0,0.0,55.0,4636.0,1457.0,3023.0,1669.0,123.0,0.0,0.0051,0.0,91.7,368.0,1153.0,612.0,86.0
39049009220,41875.0,872.0,94.0,22.0,22.0,44.0,7.0,28.0,1005.0,49.0,1005.0,59.0,2643.0,2643.0,344.0,209.0,1117.0,84.0,39.0,7.0,199.0,2645.0,521.0,1670.0,1015.0,139.0,0.0587,0.0488,0.0069,20.13,449.0,374.0,338.0,384.0
39049009230,51667.0,2448.0,712.0,65.0,0.0,77.0,52.0,0.0,2698.0,215.0,2698.0,137.0,5935.0,5935.0,511.0,257.0,1101.0,183.0,203.0,185.0,357.0,5938.0,1338.0,3774.0,2276.0,458.0,0.0508,0.0797,0.0813,24.84,807.0,1171.0,656.0,449.0
39049009240,67917.0,895.0,83.0,12.0,8.0,24.0,0.0,18.0,1069.0,37.0,1069.0,7.0,2116.0,2116.0,150.0,114.0,1318.0,23.0,0.0,7.0,37.0,2116.0,420.0,1604.0,813.0,78.0,0.0065,0.0346,0.0086,32.65,261.0,244.0,276.0,170.0
39049009250,60518.0,885.0,115.0,43.0,6.0,0.0,12.0,0.0,995.0,30.0,995.0,55.0,2379.0,2379.0,168.0,346.0,1200.0,13.0,6.0,3.0,37.0,2379.0,532.0,1617.0,845.0,55.0,0.0553,0.0302,0.0036,29.1,490.0,474.0,352.0,87.0
39049009251,43984.0,347.0,84.0,17.0,0.0,0.0,8.0,3.0,448.0,22.0,448.0,11.0,857.0,857.0,45.0,41.0,1106.0,123.0,42.0,37.0,96.0,882.0,206.0,573.0,455.0,42.0,0.0246,0.0491,0.0813,21.15,170.0,209.0,120.0,126.0
39049009252,41698.0,1247.0,119.0,0.0,14.0,24.0,190.0,0.0,1390.0,177.0,1390.0,144.0,2648.0,2648.0,169.0,168.0,1104.0,58.0,87.0,144.0,332.0,2648.0,467.0,1879.0,1636.0,326.0,0.1036,0.1273,0.088,20.05,395.0,350.0,343.0,202.0
39049009311,60862.0,919.0,230.0,8.0,0.0,11.0,78.0,0.0,1174.0,0.0,1174.0,13.0,2693.0,2693.0,133.0,218.0,1295.0,0.0,58.0,14.0,139.0,2693.0,460.0,2038.0,1196.0,84.0,0.0111,0.0,0.0117,29.26,714.0,378.0,630.0,55.0
39049009312,47019.0,1259.0,33.0,51.0,0.0,32.0,16.0,30.0,1401.0,58.0,1401.0,0.0,3094.0,3094.0,115.0,165.0,1072.0,120.0,36.0,112.0,192.0,3094.0,531.0,1954.0,1290.0,101.0,0.0,0.0414,0.0868,22.61,433.0,410.0,324.0,197.0
39049009321,55111.0,1022.0,101.0,16.0,11.0,48.0,23.0,7.0,1082.0,8.0,1082.0,17.0,3156.0,3156.0,250.0,334.0,1221.0,27.0,0.0,12.0,49.0,3156.0,619.0,2295.0,942.0,37.0,0.0157,0.0074,0.0127,26.5,827.0,595.0,495.0,168.0
39049009322,59161.0,1238.0,82.0,22.0,0.0,40.0,37.0,11.0,1558.0,11.0,1558.0,51.0,3728.0,3728.0,474.0,207.0,1395.0,15.0,16.0,0.0,155.0,3728.0,1078.0,2252.0,1440.0,105.0,0.0327,0.0071,0.0,28.44,500.0,1033.0,744.0,238.0
39049009323,40720.0,1294.0,135.0,43.0,0.0,50.0,41.0,73.0,1387.0,143.0,1388.0,54.0,3678.0,3678.0,295.0,319.0,1001.0,83.0,94.0,206.0,217.0,3678.0,1042.0,2430.0,1645.0,305.0,0.0389,0.1031,0.1252,19.58,580.0,849.0,389.0,319.0
39049009325,26313.0,1439.0,55.0,0.0,0.0,23.0,0.0,0.0,1518.0,75.0,1528.0,10.0,4871.0,4871.0,701.0,493.0,925.0,97.0,262.0,198.0,381.0,4946.0,1255.0,3340.0,2090.0,536.0,0.0065,0.0494,0.0947,12.65,1188.0,1106.0,918.0,433.0
39049009326,50357.0,1328.0,117.0,0.0,15.0,59.0,0.0,0.0,1358.0,99.0,1358.0,38.0,2123.0,2123.0,167.0,104.0,1062.0,59.0,21.0,74.0,323.0,2123.0,316.0,1523.0,990.0,169.0,0.028,0.0729,0.0747,24.21,259.0,234.0,211.0,193.0
39049009332,65444.0,1138.0,102.0,22.0,57.0,65.0,51.0,0.0,1484.0,46.0,1484.0,0.0,4017.0,4017.0,557.0,99.0,1521.0,77.0,90.0,62.0,374.0,4017.0,1055.0,2548.0,1656.0,120.0,0.0,0.031,0.0374,31.46,467.0,959.0,783.0,438.0
39049009334,48342.0,1228.0,116.0,0.0,37.0,198.0,16.0,30.0,1331.0,11.0,1331.0,92.0,2936.0,2936.0,75.0,138.0,1540.0,6.0,9.0,90.0,149.0,2936.0,731.0,2029.0,1231.0,85.0,0.0691,0.0083,0.0731,23.24,476.0,563.0,497.0,163.0
39049009336,69792.0,1280.0,111.0,17.0,0.0,10.0,0.0,133.0,1453.0,0.0,1453.0,123.0,2264.0,2264.0,2.0,27.0,1233.0,95.0,55.0,12.0,242.0,2264.0,311.0,1683.0,1308.0,6.0,0.0847,0.0,0.0092,33.55,402.0,186.0,310.0,112.0
39049009337,56944.0,1797.0,207.0,0.0,0.0,82.0,13.0,0.0,2052.0,58.0,2052.0,0.0,4731.0,4731.0,422.0,310.0,1029.0,44.0,69.0,57.0,275.0,4731.0,1580.0,2961.0,1668.0,105.0,0.0,0.0283,0.0342,27.38,727.0,1300.0,550.0,424.0
39049009340,34920.0,1329.0,209.0,0.0,34.0,56.0,0.0,13.0,1506.0,122.0,1506.0,95.0,3088.0,3088.0,354.0,265.0,1171.0,169.0,66.0,117.0,396.0,3152.0,657.0,2160.0,1494.0,262.0,0.0631,0.081,0.0783,16.79,617.0,598.0,321.0,85.0
39049009350,62192.0,1386.0,241.0,0.0,16.0,39.0,9.0,10.0,1510.0,169.0,1511.0,90.0,2907.0,2907.0,110.0,65.0,1299.0,98.0,67.0,30.0,176.0,2907.0,542.0,2043.0,1285.0,245.0,0.0596,0.1119,0.0233,29.9,471.0,458.0,355.0,162.0
39049009361,60558.0,1733.0,387.0,125.0,0.0,55.0,0.0,16.0,2294.0,62.0,2302.0,16.0,5402.0,5402.0,163.0,168.0,1151.0,90.0,85.0,164.0,346.0,5489.0,840.0,4336.0,2919.0,313.0,0.007,0.027,0.0562,29.11,1136.0,443.0,1897.0,66.0
39049009372,68438.0,2241.0,337.0,60.0,12.0,25.0,0.0,62.0,2620.0,312.0,2620.0,37.0,5045.0,5045.0,561.0,479.0,1420.0,171.0,168.0,59.0,89.0,5051.0,1005.0,3133.0,1829.0,102.0,0.0141,0.1191,0.0323,32.9,734.0,821.0,498.0,501.0
39049009373,74154.0,3143.0,311.0,46.0,68.0,112.0,68.0,67.0,3354.0,21.0,3354.0,29.0,7476.0,7476.0,976.0,354.0,1630.0,57.0,5.0,211.0,139.0,7476.0,1812.0,3960.0,2249.0,51.0,0.0086,0.0063,0.0938,35.65,1492.0,1563.0,402.0,599.0
39049009381,51250.0,2875.0,330.0,12.0,209.0,173.0,113.0,57.0,3206.0,105.0,3206.0,21.0,7096.0,7096.0,660.0,462.0,1378.0,210.0,49.0,158.0,427.0,7096.0,2175.0,3888.0,2739.0,192.0,0.0066,0.0328,0.0577,24.64,787.0,1732.0,823.0,523.0
39049009382,54688.0,1297.0,348.0,102.0,49.0,32.0,16.0,4.0,1519.0,76.0,1519.0,29.0,3008.0,3008.0,155.0,120.0,1162.0,0.0,9.0,78.0,63.0,3008.0,547.0,2328.0,1635.0,191.0,0.0191,0.05,0.0477,26.29,637.0,352.0,573.0,232.0
39049009383,53769.0,1292.0,145.0,0.0,127.0,112.0,0.0,48.0,1524.0,100.0,1529.0,55.0,2720.0,2720.0,91.0,141.0,956.0,19.0,141.0,28.0,76.0,2729.0,292.0,2054.0,1289.0,92.0,0.036,0.0656,0.0217,25.85,430.0,375.0,304.0,100.0
39049009384,66902.0,1326.0,279.0,24.0,0.0,38.0,0.0,31.0,1614.0,214.0,1618.0,63.0,2611.0,2611.0,75.0,272.0,1211.0,104.0,34.0,0.0,61.0,2634.0,377.0,2071.0,1262.0,161.0,0.0389,0.1326,0.0,32.16,372.0,312.0,363.0,103.0
39049009385,84871.0,1489.0,207.0,38.0,16.0,70.0,72.0,9.0,1996.0,65.0,1996.0,0.0,3869.0,3869.0,49.0,108.0,1266.0,36.0,23.0,82.0,175.0,3869.0,704.0,2804.0,1835.0,146.0,0.0,0.0326,0.0447,40.8,568.0,534.0,917.0,302.0
39049009386,44450.0,1168.0,252.0,10.0,38.0,10.0,0.0,0.0,1303.0,11.0,1303.0,0.0,3065.0,3065.0,303.0,136.0,1185.0,161.0,48.0,70.0,272.0,3065.0,899.0,1583.0,1232.0,11.0,0.0,0.0084,0.0568,21.37,488.0,799.0,168.0,445.0
39049009390,97158.0,3243.0,981.0,179.0,24.0,61.0,73.0,0.0,3827.0,82.0,3827.0,0.0,8201.0,8201.0,621.0,404.0,1139.0,0.0,0.0,0.0,0.0,8201.0,1793.0,5475.0,2880.0,144.0,0.0,0.0214,0.0,46.71,576.0,1455.0,1250.0,241.0
39049009391,60081.0,2213.0,218.0,66.0,38.0,140.0,32.0,0.0,2639.0,75.0,2639.0,0.0,4739.0,4739.0,275.0,136.0,1150.0,50.0,122.0,65.0,416.0,4751.0,1118.0,3197.0,2204.0,185.0,0.0,0.0284,0.0295,28.89,490.0,882.0,472.0,345.0
39049009392,51133.0,1324.0,131.0,66.0,118.0,76.0,8.0,3.0,1674.0,0.0,1674.0,1.0,3523.0,3523.0,157.0,152.0,1355.0,32.0,35.0,233.0,248.0,3523.0,881.0,2410.0,1456.0,169.0,0.0006,0.0,0.16,24.58,369.0,779.0,461.0,271.0
39049009393,42031.0,1381.0,123.0,52.0,68.0,16.0,20.0,5.0,1498.0,141.0,1498.0,124.0,3948.0,3948.0,397.0,215.0,1134.0,75.0,86.0,122.0,296.0,3948.0,868.0,2614.0,1590.0,370.0,0.0828,0.0941,0.0767,20.21,729.0,734.0,662.0,271.0
39049009394,85046.0,882.0,75.0,8.0,6.0,39.0,19.0,24.0,1060.0,13.0,1060.0,21.0,2076.0,2076.0,94.0,98.0,1507.0,24.0,32.0,0.0,15.0,2076.0,404.0,1571.0,884.0,21.0,0.0198,0.0123,0.0,40.89,366.0,310.0,466.0,47.0
39049009395,93021.0,2041.0,143.0,94.0,48.0,81.0,46.0,0.0,2353.0,0.0,2353.0,0.0,4951.0,4951.0,238.0,87.0,1562.0,60.0,0.0,0.0,0.0,4951.0,779.0,3800.0,2235.0,20.0,0.0,0.0,0.0,44.72,687.0,662.0,1478.0,311.0
39049009396,44356.0,1503.0,55.0,98.0,21.0,37.0,40.0,0.0,1625.0,150.0,1627.0,72.0,2992.0,2992.0,299.0,134.0,1028.0,145.0,101.0,99.0,280.0,2992.0,903.0,1674.0,1354.0,175.0,0.0443,0.0923,0.0731,21.32,585.0,685.0,241.0,297.0
39049009397,52189.0,1300.0,239.0,0.0,31.0,0.0,0.0,103.0,1463.0,6.0,1464.0,103.0,2804.0,2804.0,267.0,288.0,1217.0,61.0,83.0,130.0,120.0,2942.0,545.0,2169.0,1277.0,126.0,0.0704,0.0041,0.1018,25.09,570.0,379.0,372.0,203.0
39049009401,85781.0,2526.0,388.0,124.0,127.0,0.0,26.0,31.0,2774.0,18.0,2774.0,89.0,4987.0,4987.0,293.0,317.0,1383.0,60.0,12.0,37.0,211.0,4987.0,923.0,3567.0,1942.0,18.0,0.0321,0.0065,0.0191,41.24,464.0,611.0,417.0,205.0
39049009403,88000.0,989.0,290.0,89.0,18.0,41.0,78.0,0.0,1324.0,25.0,1324.0,52.0,3279.0,3279.0,396.0,138.0,1160.0,0.0,79.0,0.0,34.0,3284.0,1346.0,1706.0,964.0,25.0,0.0393,0.0189,0.0,42.31,280.0,1268.0,136.0,244.0
39049009404,99917.0,1344.0,209.0,6.0,50.0,84.0,0.0,0.0,1725.0,0.0,1725.0,0.0,2992.0,2992.0,50.0,30.0,1250.0,0.0,66.0,0.0,41.0,3149.0,456.0,2553.0,1359.0,28.0,0.0,0.0,0.0,48.04,651.0,313.0,1004.0,93.0
39049009405,142744.0,1583.0,248.0,165.0,68.0,114.0,162.0,6.0,2187.0,0.0,2187.0,5.0,4036.0,4036.0,38.0,28.0,1964.0,0.0,0.0,0.0,13.0,4082.0,988.0,2953.0,1617.0,8.0,0.0023,0.0,0.0,68.63,525.0,808.0,786.0,111.0
39049009410,83411.0,1299.0,216.0,46.0,66.0,0.0,10.0,0.0,1438.0,0.0,1438.0,22.0,2815.0,2815.0,26.0,57.0,1600.0,0.0,9.0,8.0,124.0,2815.0,793.0,2096.0,1016.0,44.0,0.0153,0.0,0.0079,40.1,451.0,487.0,529.0,26.0
39049009420,55658.0,2487.0,336.0,75.0,13.0,51.0,28.0,0.0,2680.0,286.0,2680.0,193.0,6024.0,6024.0,832.0,204.0,1161.0,0.0,52.0,92.0,300.0,6024.0,1562.0,3805.0,2154.0,222.0,0.072,0.1067,0.0427,26.76,640.0,1321.0,772.0,369.0
39049009440,94426.0,2234.0,412.0,117.0,51.0,112.0,27.0,56.0,2497.0,130.0,2497.0,18.0,4929.0,4929.0,367.0,73.0,1105.0,20.0,18.0,20.0,273.0,4929.0,1362.0,3329.0,1828.0,110.0,0.0072,0.0521,0.0109,45.4,442.0,1060.0,735.0,217.0
39049009495,71513.0,2086.0,340.0,39.0,25.0,83.0,0.0,8.0,2489.0,59.0,2489.0,38.0,5804.0,5804.0,487.0,138.0,1136.0,69.0,28.0,10.0,142.0,5804.0,1963.0,3473.0,2073.0,58.0,0.0153,0.0237,0.0048,34.38,550.0,1446.0,687.0,329.0
39049009497,90625.0,941.0,176.0,53.0,137.0,41.0,4.0,7.0,1097.0,24.0,1099.0,0.0,2090.0,2090.0,2.0,19.0,1236.0,24.0,75.0,29.0,31.0,2102.0,412.0,1642.0,839.0,74.0,0.0,0.0219,0.0346,43.57,248.0,258.0,475.0,16.0
39049009498,62480.0,1343.0,193.0,72.0,0.0,15.0,23.0,24.0,1500.0,56.0,1500.0,0.0,3659.0,3659.0,506.0,110.0,1105.0,113.0,16.0,12.0,161.0,3659.0,982.0,2364.0,1569.0,322.0,0.0,0.0373,0.0076,30.04,602.0,863.0,500.0,422.0
39049009520,82548.0,1946.0,265.0,32.0,26.0,83.0,92.0,6.0,2151.0,15.0,2151.0,0.0,4805.0,4805.0,276.0,206.0,1373.0,22.0,0.0,0.0,71.0,4805.0,1129.0,3292.0,1925.0,164.0,0.0,0.007,0.0,39.69,784.0,714.0,715.0,222.0
39049009590,74337.0,2265.0,100.0,48.0,43.0,69.0,41.0,54.0,2662.0,16.0,2662.0,0.0,5603.0,5603.0,299.0,158.0,1438.0,2.0,17.0,73.0,23.0,5603.0,1169.0,3909.0,2079.0,87.0,0.0,0.006,0.0351,35.74,921.0,930.0,1192.0,327.0
39049009600,65590.0,2083.0,394.0,78.0,124.0,97.0,0.0,38.0,2350.0,18.0,2350.0,21.0,5110.0,5110.0,466.0,319.0,1152.0,191.0,98.0,109.0,141.0,5110.0,1122.0,3489.0,2241.0,131.0,0.0089,0.0077,0.0486,31.53,890.0,887.0,687.0,382.0
39049009711,70769.0,2288.0,228.0,33.0,33.0,15.0,0.0,40.0,2449.0,0.0,2449.0,33.0,4742.0,4742.0,448.0,244.0,1204.0,64.0,72.0,63.0,146.0,4874.0,1089.0,3324.0,2000.0,73.0,0.0135,0.0,0.0315,34.02,913.0,824.0,1007.0,293.0
39049009712,72361.0,1138.0,49.0,12.0,119.0,21.0,9.0,0.0,1259.0,0.0,1259.0,0.0,2739.0,2739.0,152.0,111.0,1322.0,97.0,9.0,0.0,16.0,2739.0,702.0,1916.0,1220.0,23.0,0.0,0.0,0.0,34.79,199.0,538.0,635.0,158.0
39049009751,131604.0,2601.0,397.0,204.0,108.0,119.0,133.0,0.0,3295.0,14.0,3295.0,0.0,6306.0,6306.0,90.0,51.0,1747.0,39.0,16.0,0.0,161.0,6369.0,1595.0,4482.0,2500.0,45.0,0.0,0.0042,0.0,63.27,874.0,1246.0,1245.0,57.0
39049009752,109403.0,3353.0,435.0,72.0,187.0,90.0,57.0,19.0,4048.0,0.0,4048.0,0.0,6608.0,6608.0,220.0,107.0,2248.0,21.0,21.0,23.0,0.0,6608.0,1174.0,4986.0,2674.0,38.0,0.0,0.0,0.0086,52.6,644.0,1078.0,919.0,110.0
39049009753,100729.0,2529.0,526.0,57.0,16.0,0.0,0.0,0.0,2957.0,168.0,2957.0,0.0,5555.0,5555.0,13.0,45.0,1393.0,0.0,0.0,0.0,0.0,5555.0,883.0,4137.0,2396.0,163.0,0.0,0.0568,0.0,48.43,781.0,680.0,1442.0,156.0
39049009754,147768.0,1836.0,372.0,11.0,101.0,14.0,73.0,48.0,2349.0,27.0,2349.0,0.0,4025.0,4025.0,88.0,42.0,1711.0,0.0,13.0,10.0,0.0,4078.0,1001.0,2797.0,1410.0,26.0,0.0,0.0115,0.0071,71.04,244.0,697.0,521.0,17.0
39049009755,117409.0,2681.0,764.0,21.0,89.0,107.0,0.0,36.0,3658.0,99.0,3658.0,0.0,7953.0,7953.0,93.0,75.0,1598.0,22.0,35.0,27.0,162.0,7982.0,1822.0,5567.0,3060.0,120.0,0.0,0.0271,0.0088,56.45,845.0,1452.0,1825.0,43.0
39049009756,73977.0,1404.0,114.0,12.0,0.0,17.0,9.0,0.0,1552.0,42.0,1552.0,0.0,2434.0,2434.0,162.0,151.0,1144.0,85.0,16.0,37.0,113.0,2434.0,397.0,1455.0,1105.0,68.0,0.0,0.0271,0.0335,35.57,257.0,265.0,365.0,51.0
39049009757,82629.0,2151.0,330.0,120.0,42.0,16.0,17.0,0.0,2437.0,0.0,2437.0,0.0,4633.0,4633.0,236.0,45.0,1297.0,56.0,63.0,68.0,237.0,4633.0,815.0,3358.0,1947.0,30.0,0.0,0.0,0.0349,39.73,768.0,582.0,816.0,324.0
39049009801,99750.0,1298.0,248.0,62.0,41.0,54.0,16.0,37.0,1609.0,13.0,1609.0,0.0,3458.0,3458.0,211.0,23.0,,0.0,0.0,0.0,0.0,3458.0,827.0,2386.0,1346.0,13.0,0.0,0.0081,0.0,47.96,341.0,617.0,684.0,30.0
39049009802,86903.0,1679.0,317.0,211.0,67.0,73.0,18.0,31.0,1824.0,6.0,1824.0,0.0,3665.0,3665.0,164.0,208.0,2126.0,17.0,0.0,7.0,0.0,3665.0,570.0,2726.0,1469.0,27.0,0.0,0.0033,0.0048,41.78,543.0,493.0,658.0,65.0
39049009900,42269.0,1109.0,189.0,29.0,20.0,0.0,42.0,0.0,1302.0,41.0,1302.0,44.0,1910.0,1910.0,46.0,50.0,1052.0,169.0,77.0,89.0,241.0,1944.0,513.0,1250.0,1039.0,93.0,0.0338,0.0315,0.0857,20.32,154.0,311.0,117.0,194.0
39049010000,70169.0,2649.0,233.0,85.0,8.0,86.0,15.0,48.0,3444.0,21.0,3446.0,0.0,6749.0,6749.0,124.0,80.0,1658.0,68.0,199.0,341.0,470.0,6749.0,1740.0,4389.0,2891.0,84.0,0.0,0.0061,0.118,33.74,549.0,1040.0,906.0,487.0
39049010100,73800.0,581.0,61.0,0.0,22.0,2.0,5.0,11.0,924.0,10.0,959.0,7.0,1394.0,1394.0,18.0,14.0,1388.0,24.0,38.0,23.0,75.0,1394.0,163.0,1177.0,792.0,31.0,0.0073,0.0108,0.029,35.48,256.0,74.0,307.0,20.0
39049010201,54977.0,2301.0,185.0,157.0,105.0,47.0,0.0,0.0,2709.0,100.0,2709.0,0.0,5189.0,5189.0,229.0,152.0,1231.0,63.0,199.0,89.0,257.0,5189.0,909.0,3831.0,2632.0,212.0,0.0,0.0369,0.0338,26.43,651.0,671.0,686.0,117.0
39049010202,92284.0,2486.0,259.0,40.0,0.0,103.0,68.0,19.0,3150.0,0.0,3150.0,0.0,6027.0,6027.0,309.0,255.0,1077.0,0.0,28.0,27.0,0.0,6027.0,2367.0,3364.0,1935.0,162.0,0.0,0.0,0.014,44.37,535.0,1576.0,407.0,221.0
39049010203,65445.0,2309.0,429.0,62.0,106.0,25.0,51.0,0.0,2509.0,161.0,2541.0,33.0,4562.0,4562.0,312.0,188.0,1373.0,120.0,58.0,94.0,384.0,4562.0,1006.0,3064.0,2091.0,180.0,0.013,0.0642,0.045,31.46,328.0,658.0,201.0,467.0
39049010204,53973.0,3710.0,345.0,0.0,85.0,46.0,73.0,61.0,4096.0,291.0,4096.0,57.0,6773.0,6773.0,270.0,226.0,1295.0,145.0,96.0,66.0,459.0,6807.0,1762.0,4694.0,3161.0,177.0,0.0139,0.071,0.0209,25.95,828.0,1019.0,484.0,392.0
39049010300,61582.0,1007.0,100.0,47.0,77.0,37.0,4.0,11.0,1084.0,59.0,1084.0,21.0,2390.0,2390.0,175.0,50.0,1246.0,66.0,52.0,11.0,98.0,2396.0,706.0,1308.0,859.0,58.0,0.0194,0.0544,0.0128,29.61,224.0,628.0,166.0,285.0
39049010401,215884.0,765.0,164.0,25.0,10.0,118.0,37.0,7.0,1221.0,0.0,1221.0,0.0,2480.0,2480.0,16.0,17.0,,0.0,0.0,0.0,0.0,2480.0,842.0,1555.0,807.0,19.0,0.0,0.0,0.0,103.79,142.0,719.0,290.0,25.0
39049010402,175476.0,1647.0,253.0,133.0,44.0,18.0,14.0,47.0,2639.0,29.0,2639.0,10.0,5527.0,5527.0,90.0,57.0,1444.0,66.0,15.0,5.0,156.0,5686.0,1729.0,3864.0,1881.0,131.0,0.0038,0.011,0.0027,84.36,360.0,1084.0,1115.0,72.0
39049010501,154671.0,1654.0,289.0,34.0,8.0,60.0,16.0,20.0,2628.0,24.0,2628.0,0.0,4660.0,4660.0,0.0,53.0,1746.0,48.0,13.0,21.0,83.0,4717.0,1229.0,3328.0,1787.0,40.0,0.0,0.0091,0.0118,74.36,127.0,913.0,703.0,72.0
39049010502,132652.0,1437.0,269.0,25.0,0.0,212.0,29.0,0.0,1907.0,257.0,1907.0,0.0,3336.0,3336.0,11.0,0.0,1476.0,12.0,62.0,39.0,11.0,3336.0,908.0,2444.0,1483.0,261.0,0.0,0.1348,0.0263,63.78,171.0,645.0,400.0,55.0
39049010601,145735.0,2667.0,434.0,58.0,65.0,54.0,29.0,11.0,3445.0,0.0,3445.0,0.0,5905.0,5905.0,83.0,115.0,1762.0,57.0,10.0,43.0,69.0,5905.0,1992.0,3719.0,1960.0,16.0,0.0,0.0,0.0219,70.06,272.0,1497.0,280.0,241.0
39049010602,110175.0,2661.0,295.0,56.0,15.0,48.0,29.0,31.0,3258.0,16.0,3258.0,0.0,6308.0,6308.0,102.0,135.0,1160.0,73.0,26.0,106.0,128.0,6391.0,1628.0,4395.0,2431.0,223.0,0.0,0.0049,0.0436,52.97,884.0,1281.0,980.0,55.0
39049010700,52500.0,654.0,72.0,7.0,0.0,48.0,4.0,7.0,852.0,14.0,852.0,40.0,1248.0,1248.0,0.0,52.0,1148.0,91.0,17.0,88.0,86.0,1254.0,225.0,1003.0,776.0,58.0,0.0469,0.0164,0.1134,25.24,163.0,147.0,131.0,80.0
39049010900,72854.0,1728.0,210.0,0.0,19.0,74.0,24.0,17.0,2597.0,37.0,2597.0,0.0,5021.0,5021.0,84.0,74.0,1691.0,37.0,168.0,108.0,82.0,5127.0,849.0,3639.0,2312.0,40.0,0.0,0.0142,0.0467,35.03,689.0,607.0,700.0,142.0
39049980000,,0.0,0.0,0.0,0.0,0.0,0.0,0.0,0.0,0.0,0.0,0.0,0.0,0.0,0.0,0.0,,0.0,0.0,0.0,0.0,0.0,0.0,0.0,0.0,0.0,,,,,0.0,0.0,0.0,0.0
