GEOID,affected_workers_estimate,lost_wages_annual,transit_dependent_population_estimate,healthcare_annual,forced_drive_commuters_estimate,environment_annual,education_annual,ht_burdened_households_estimate,forgone_affordability_annual,cost_of_inaction_annual,annual_cost_year_1,annual_cost_year_2,annual_cost_year_3,annual_cost_year_4,annual_cost_year_5,cumulative_delay_1yr_cost,cumulative_delay_3yr_cost,cumulative_delay_5yr_cost,safety_warning_score,displacement_risk_score
39049000110,19.0,12845.59,76.64459161147903,5991.74,17.84,6594.11,7935.48,40.0,0.0,33366.92,34346.22,35358.66,36405.44,37487.83,38607.13,34346.22,106110.32,182205.28,0.0,24.81
39049000120,31.0,19284.33,62.21779859484777,4723.2,29.65,10998.87,16824.44,31.0,0.0,51830.84,53195.2,54602.05,56052.83,57549.08,59092.34,53195.2,163850.08,280491.5,0.0,27.53
39049000210,138.0,64804.48,230.29658284977435,20494.32,136.41,50927.9,15718.77,115.0,0.0,151945.47,156597.69,161404.9,166372.55,171506.32,176812.09,156597.69,484375.14,832693.55,0.0,31.46
39049000220,25.0,20210.8,46.29121421520237,3325.39,24.58,9167.42,18655.46,114.0,0.0,51359.07,52669.14,54019.12,55410.35,56844.23,58322.2,52669.14,162098.61,277265.04,0.0,30.87
39049000310,0.0,0.0,153.91218354430382,13409.52,0.0,0.0,22434.98,196.0,0.0,35844.5,36717.15,37620.18,38554.86,39522.5,40524.48,36717.15,112892.19,192939.17,6.45,52.52
39049000320,13.0,23557.24,327.21118012422363,32982.51,12.73,4743.62,19639.81,139.0,732644.83,813568.01,838210.34,863613.49,889801.36,916798.64,944630.77,838210.34,2591625.19,4453054.6,0.0,39.78
39049000330,76.0,36279.95,88.03507194244604,6609.26,74.98,27982.7,21349.81,47.0,163867.87,256089.59,263528.61,271193.49,279091.31,287229.33,295615.08,263528.61,813813.41,1396657.82,0.0,41.06
39049000410,112.0,77425.49,151.77238493723848,12559.81,110.29,41144.78,8604.4,72.0,0.0,139734.48,144141.44,148695.63,153402.17,158266.38,163293.75,144141.44,446239.24,767799.37,0.0,33.48
39049000420,36.0,19935.97,121.9612452350699,9660.02,34.16,12652.46,9704.6,142.0,0.0,51953.05,53518.28,55136.79,56810.54,58541.56,60331.94,53518.28,165465.61,284339.11,0.0,39.72
39049000500,103.0,76668.48,277.59293680297395,23851.61,101.03,37661.51,16336.07,153.0,0.0,154517.67,159411.96,164474.36,169710.94,175128.02,180732.13,159411.96,493597.26,849457.41,0.0,38.5
39049000600,89.0,45528.43,458.97520661157023,45029.26,85.59,31782.87,5542.99,338.0,0.0,127883.55,132364.45,137012.97,141835.67,146839.37,152031.19,132364.45,411213.09,710083.65,0.0,55.53
39049000710,145.0,120151.94,319.171826625387,31901.15,142.51,53144.51,20905.2,218.0,47263.47,273366.27,282004.52,290933.32,300162.86,309703.73,319566.88,282004.52,873100.7,1502371.31,0.0,56.46
39049000720,96.0,54835.54,725.9078212290502,113414.27,94.41,35211.4,39728.91,275.0,1462549.42,1705739.54,1757995.94,1811893.2,1867484.12,1924823.22,1983966.87,1757995.94,5437373.26,9346163.35,0.0,56.66
39049000730,483.0,95320.75,1151.1395178962748,215509.51,478.07,178531.24,29696.77,470.0,2407449.06,2926507.33,3016584.6,3109497.6,3205337.91,3304200.14,3406182.06,3016584.6,9331420.11,16041802.31,40.28,52.67
39049000810,11.0,5138.8,282.5089974293059,27710.99,10.83,4040.24,25243.21,114.0,0.0,62133.24,63964.02,65863.36,67834.13,69879.3,72001.97,63964.02,197661.51,339542.78,0.0,36.24
39049000820,127.0,144395.7,266.19252691576946,24628.63,126.35,47232.58,23587.2,138.0,0.0,239844.11,247470.11,255355.78,263510.34,271943.35,280664.69,247470.11,766336.23,1318944.27,0.0,43.94
39049000910,14.0,8054.37,844.8360784313726,130863.57,13.64,5078.13,40989.56,317.0,3141993.74,3326979.37,3428028.77,3532189.91,3639560.04,3750239.51,3864331.88,3428028.77,10599778.72,18214350.11,0.0,58.8
39049000920,28.0,1901.53,255.55466666666666,26879.61,27.68,10334.17,21732.48,117.0,1478036.77,1538884.56,1585020.94,1632553.91,1681526.09,1731981.45,1783965.28,1585020.94,4899100.94,8415047.67,0.0,56.97
39049001000,270.0,63497.85,445.54639175257734,40875.36,265.87,99185.44,4753.12,328.0,3517548.29,3725860.06,3837985.0,3953498.96,4072504.93,4195109.04,4321420.66,3837985.0,11863988.89,20380518.59,0.0,56.53
39049001110,138.0,8024.04,772.5521774856203,101257.26,136.41,50927.9,879.42,278.0,4792750.05,4953838.67,5103742.34,5258206.32,5417370.37,5581378.61,5750379.6,5103742.34,15779319.03,27111077.24,0.0,59.95
39049001121,208.0,39066.65,208.0,18865.0,200.03,74278.86,6213.01,6.0,0.0,138423.52,142571.31,146852.47,151271.57,155833.35,160542.71,142571.31,440695.35,757071.41,4.49,31.65
39049001122,120.0,10081.07,195.62948960302458,17162.93,115.4,42852.47,1474.45,88.0,522657.66,594228.58,612122.48,630560.88,649560.55,669138.79,689313.46,612122.48,1892243.91,3250696.16,4.26,55.29
39049001200,190.0,38714.03,586.8667820069204,66582.45,186.98,69746.35,1544.07,194.0,2303667.46,2480254.36,2555477.77,2633000.55,2712893.72,2795230.52,2880086.49,2555477.77,7901372.04,13576689.05,0.0,57.28
39049001301,52.0,32128.55,189.23076923076923,16217.6,51.97,19445.1,5124.08,232.0,445187.44,518102.77,533860.3,550103.59,566847.82,584108.68,601902.31,533860.3,1650811.71,2836822.7,0.0,60.73
39049001302,259.0,29986.28,566.5996649916248,74319.09,255.68,95431.8,2563.23,131.0,1216767.04,1419067.44,1462380.88,1507036.66,1553077.18,1600546.21,1649488.97,1462380.88,4522494.72,7772529.9,0.0,63.84
39049001400,30.0,4440.54,216.19160583941607,24564.12,28.47,10544.95,21981.43,79.0,768019.81,829550.85,854379.65,879964.6,906329.08,933497.19,961493.78,854379.65,2640673.33,4535664.3,18.72,55.12
39049001500,37.0,15401.1,295.51,34068.73,36.57,13653.2,24009.3,116.0,690896.68,778029.01,801457.48,825607.61,850502.06,876164.25,902618.31,801457.48,2477567.15,4256349.71,0.0,45.13
39049001600,280.0,110647.76,552.9493087557604,72682.0,273.56,101896.63,16288.25,260.0,1458799.29,1760313.93,1813964.15,1869276.03,1926301.97,1985096.03,2045713.99,1813964.15,5609542.15,9640352.17,0.0,56.28
39049001700,152.0,9638.04,801.3088235294117,98499.4,143.18,52957.16,2518.84,369.0,5677277.58,5840891.02,6017333.31,6199129.87,6386444.22,6579444.91,6778305.66,6017333.31,18602907.4,31960657.97,0.0,61.36
39049001810,349.0,25935.39,808.3013302486987,109729.93,342.33,127612.25,0.0,409.0,5940282.45,6203560.02,6390804.39,6583728.74,6782506.57,6987316.72,7198343.55,6390804.39,19757039.7,33942699.97,0.0,57.69
39049001820,184.0,31807.87,292.4905944319037,29681.7,167.57,61585.61,3975.41,172.0,0.0,127050.59,131086.89,135261.32,139578.92,144044.92,148664.76,131086.89,405927.13,698636.81,0.0,46.14
39049001901,55.0,26030.81,416.51548946716235,41191.12,50.93,18776.2,970.24,299.0,89606.22,176574.59,182508.5,188650.24,195007.37,201587.79,208399.65,182508.5,566166.11,976153.55,0.0,47.87
39049001902,236.0,222371.46,373.7836112096488,33471.01,226.06,83880.51,3372.54,530.0,0.0,343095.52,354522.2,366341.97,378568.74,391216.91,404301.41,354522.2,1099432.91,1894951.23,0.0,57.02
39049002000,31.0,44799.75,145.2902097902098,11121.22,30.88,11546.67,2996.62,144.0,0.0,70464.26,72857.33,75335.45,77901.74,80559.44,83311.89,72857.33,226094.52,389965.85,0.0,34.66
39049002100,56.0,16894.08,92.79759036144578,7027.8,55.57,20762.55,2513.9,228.0,0.0,47198.33,48655.1,50160.14,51715.14,53321.85,54982.1,48655.1,150530.38,258834.33,0.0,45.8
39049002200,121.0,71610.23,175.19599666388658,13355.64,115.98,43040.07,606.74,195.0,0.0,128612.68,132803.32,137135.72,141614.84,146245.81,151033.96,132803.32,411553.88,708833.65,0.0,35.55
39049002300,24.0,3457.4,193.46231155778892,19677.6,22.78,8437.44,11589.25,146.0,393464.12,436625.81,449786.24,463351.82,477335.25,491749.67,506608.61,449786.24,1390473.31,2388831.59,7.37,57.21
39049002510,40.0,38153.62,421.5632183908046,49882.45,37.55,13879.41,28780.86,173.0,948120.89,1078817.23,1111533.3,1145263.25,1180039.12,1215894.0,1252862.04,1111533.3,3436835.67,5905591.71,17.59,50.1
39049002520,118.0,35129.6,226.7912087912088,22908.03,113.26,42041.7,9389.1,119.0,0.0,109468.43,112892.54,116433.7,120096.18,123884.4,127802.97,112892.54,349422.42,601109.79,0.0,36.62
39049002600,182.0,79101.11,915.3076496674058,120505.31,177.12,65923.93,45163.78,353.0,3548990.16,3859684.29,3976535.34,4096969.1,4221096.89,4349033.52,4480897.43,3976535.34,12294601.33,21124532.28,20.46,62.5
39049002710,104.0,43099.75,319.012,35265.8,102.67,38321.27,12870.78,303.0,984118.25,1113675.85,1147407.33,1182174.53,1218009.71,1254946.14,1293018.14,1147407.33,3547591.57,6095555.85,0.0,65.96
39049002730,120.0,97518.14,460.0602069614299,61972.21,118.32,44151.96,11971.35,277.0,3597789.4,3813403.06,3928786.08,4047681.39,4170196.65,4296442.89,4426534.55,3928786.08,12146664.12,20869641.56,0.0,72.32
39049002740,36.0,36955.43,80.8130081300813,6816.73,35.54,13265.2,12663.17,84.0,0.0,69700.53,71784.31,73937.28,76161.87,78460.61,80836.12,71784.31,221883.46,381180.19,7.02,37.97
39049002750,89.0,33943.64,428.8932419196866,49827.82,88.15,32922.84,35488.71,145.0,1265797.17,1417980.18,1460633.31,1504593.83,1549902.48,1596601.31,1644733.69,1460633.31,4515129.62,7756464.62,0.0,53.03
39049002760,98.0,59073.42,577.392055267703,72774.02,95.37,35496.64,14123.08,303.0,0.0,181467.16,187866.45,194509.7,201406.64,208567.42,216002.6,187866.45,583782.79,1008352.81,0.0,47.15
39049002770,131.0,75059.1,382.0203426124197,47881.19,129.24,48232.64,20199.47,163.0,1086672.02,1278044.42,1316874.51,1356904.57,1398172.3,1440716.63,1484577.72,1316874.51,4071951.38,6997245.73,0.0,56.25
39049002780,16.0,7827.67,351.5240963855422,41319.03,15.93,5955.72,5115.43,159.0,0.0,60217.85,62561.45,65002.77,67546.02,70195.57,72956.01,62561.45,195110.24,338261.82,0.0,36.47
39049002800,185.0,243753.65,627.2835820895522,91691.05,173.2,63985.3,26320.28,304.0,414656.34,840406.62,867419.26,895333.15,924179.32,953989.94,984798.3,867419.26,2686931.73,4625719.97,0.0,54.36
39049002900,248.0,28453.54,1235.1021967526265,308364.64,245.47,91668.71,52707.22,502.0,6944881.27,7426075.38,7652218.31,7885335.8,8125646.22,8373374.89,8628754.33,7652218.31,23663200.33,40665329.55,17.66,59.43
39049003000,165.0,124121.74,660.1757188498402,80398.17,0.0,0.0,0.0,442.0,0.0,204519.91,212482.09,220759.12,229363.66,238308.86,247608.44,212482.09,662604.87,1148522.17,8.18,44.03
39049003200,27.0,9889.4,138.65877287405812,11236.39,26.64,9942.1,0.0,359.0,0.0,31067.89,32168.21,33309.61,34493.7,35722.14,36996.66,32168.21,99971.52,172690.32,0.0,51.95
39049003600,61.0,22848.2,443.6542372881356,62591.43,57.11,21098.16,11364.23,264.0,0.0,117902.02,122182.15,126631.83,131258.11,136068.31,141070.08,122182.15,380072.09,657210.48,0.0,51.75
39049003700,56.0,49374.02,444.0012033694344,46841.79,52.89,19572.01,21972.79,218.0,0.0,137760.61,142349.55,147109.23,152046.38,157167.99,162481.35,142349.55,441505.16,761154.5,0.0,42.9
39049003800,100.0,45361.63,148.3978243978244,12651.91,96.75,35969.01,4016.86,219.0,0.0,97999.41,101103.83,104312.5,107629.08,111057.38,114601.33,101103.83,313045.41,538704.12,0.0,51.89
39049004001,83.0,9893.85,306.33565217391305,40188.18,81.26,30280.19,0.0,292.0,1867303.72,1947665.94,2006596.81,2067320.68,2129892.52,2194369.02,2260808.62,2006596.81,6203810.01,10658987.65,0.0,68.24
39049004002,562.0,437626.76,978.8066748066748,157625.94,126.51,40003.82,0.0,709.0,0.0,635256.52,658666.72,682957.21,708161.73,734315.37,761454.56,658666.72,2049785.66,3545555.59,0.0,52.18
39049004200,5.0,2153.07,82.97560975609755,7661.82,4.81,1786.14,2256.25,143.0,301192.51,315049.79,324577.43,334395.74,344513.68,354940.46,365685.63,324577.43,1003486.85,1724112.94,0.0,59.42
39049004301,35.0,19649.42,38.379204892966364,2703.49,34.82,13016.53,986.41,371.0,0.0,36355.85,37502.49,38686.95,39910.52,41174.55,42480.43,37502.49,116099.96,199754.94,3.27,53.57
39049004302,104.0,133301.75,347.305785123967,37888.8,100.95,37554.63,34506.18,116.0,0.0,243251.36,250974.86,258966.81,267237.05,275795.74,284653.46,250974.86,777178.72,1337627.92,0.0,52.55
39049004500,52.0,23144.26,408.47222222222223,38298.07,51.6,19279.24,31159.3,215.0,0.0,111880.87,115270.22,118782.02,122421.1,126192.49,130101.44,115270.22,356473.34,612767.27,0.0,47.81
39049004610,199.0,149067.49,211.47314285714285,18635.81,197.23,73673.08,16877.66,94.0,0.0,258254.04,266354.37,274723.53,283370.77,292305.71,301538.27,266354.37,824448.67,1418292.65,0.0,35.93
39049004620,34.0,24467.0,329.752358490566,37415.91,33.74,12606.23,14951.19,117.0,0.0,89440.33,92474.96,95625.36,98896.22,102292.4,105819.0,92474.96,286996.54,495107.94,0.0,46.34
39049004700,119.0,80257.63,852.4626940410616,95149.91,117.63,43916.49,68003.44,419.0,988224.27,1275551.74,1314203.18,1354072.27,1395198.58,1437623.06,1481387.99,1314203.18,4063474.03,6982485.08,0.0,61.25
39049004810,108.0,111341.1,252.49786871270246,26543.78,106.62,39795.6,14740.71,118.0,0.0,192421.19,198684.38,205164.7,211870.01,218808.42,225988.38,198684.38,615719.09,1060515.89,0.0,44.0
39049004820,73.0,62358.65,161.53478712357216,14995.14,72.07,26899.91,24507.63,73.0,453492.82,582254.15,599682.86,617646.81,636162.74,655247.94,674920.24,599682.86,1853492.41,3183660.59,14.84,46.96
39049004900,338.0,385509.39,963.7720391807659,122640.55,319.88,118417.5,59067.54,376.0,1843277.7,2528912.68,2606891.91,2687333.21,2770315.99,2855922.31,2944236.92,2606891.91,8064541.11,13864700.34,0.0,57.39
39049005001,33.0,20913.96,290.68721109399075,38147.47,31.32,11600.56,15700.44,104.0,0.0,86362.43,89289.47,92328.9,95485.28,98763.4,102168.23,89289.47,277103.65,478035.28,0.0,51.21
39049005002,307.0,181826.83,1219.0181268882177,226309.49,292.91,108602.18,52137.66,505.0,8116450.89,8685327.05,8948709.15,9220152.45,9499906.31,9788227.89,10085382.43,8948709.15,27668767.91,47542378.23,15.39,49.51
39049005100,105.0,40016.6,711.0104849279162,136679.23,103.66,38690.79,25000.6,229.0,2033668.13,2274055.35,2343883.82,2415896.16,2490162.12,2566753.69,2645745.24,2343883.82,7249942.1,12462441.03,51.44,64.03
39049005200,109.0,39019.42,176.39242350655658,13959.98,105.52,39234.19,4732.0,215.0,0.0,96945.59,99977.11,103109.9,106347.52,109693.68,113152.21,99977.11,309434.53,532280.42,0.0,39.38
39049005300,154.0,105084.9,418.28658008658005,49049.2,142.6,52571.88,14956.29,179.0,0.0,221662.27,229041.23,236683.25,244598.16,252796.16,261287.85,229041.23,710322.64,1224406.65,8.35,50.73
39049005410,142.0,294791.61,494.5044359949303,77164.08,140.55,52487.22,18140.25,206.0,168781.8,611364.96,631748.37,652836.47,674654.35,697228.01,720584.38,631748.37,1959239.19,3377051.58,0.0,61.35
39049005420,58.0,26093.3,351.8441558441558,44502.02,57.74,21587.15,23417.82,162.0,44056.54,159656.83,164715.08,169951.92,175374.09,180988.62,186802.77,164715.08,510041.09,877832.48,0.0,61.57
39049005500,159.0,146760.84,744.8466019417475,94025.25,153.83,57189.79,33579.78,420.0,0.0,331555.66,342756.13,354367.36,366405.16,378885.98,391826.91,342756.13,1063528.65,1834241.54,10.59,60.47
39049005610,10.0,6786.53,54.59308510638298,3964.94,9.77,3639.17,5810.82,146.0,0.0,20201.46,20778.12,21374.23,21990.52,22627.73,23286.63,20778.12,64142.87,110057.23,0.0,54.73
39049005620,54.0,54561.75,306.8344370860927,34446.46,53.28,19884.21,9846.61,143.0,216106.88,334845.91,345404.13,356307.29,367567.02,379195.38,391204.82,345404.13,1069278.44,1839678.64,0.0,50.84
39049005700,43.0,12814.41,102.45908889871738,7455.29,40.81,15115.54,4354.95,192.0,0.0,39740.19,40954.33,42209.34,43506.69,44847.91,46234.59,40954.33,126670.36,217752.86,3.08,32.78
39049005810,26.0,27141.82,56.332905708787685,3939.05,25.77,9626.1,3908.52,131.0,0.0,44615.49,46030.27,47492.85,49004.91,50568.2,52184.52,46030.27,142528.03,245280.75,0.0,38.22
39049005820,29.0,45050.64,230.8985507246377,23500.45,28.81,10767.05,8193.15,141.0,0.0,87511.29,90513.08,93625.55,96852.96,100199.73,103670.47,90513.08,280991.59,484861.79,0.0,44.38
39049005900,147.0,112957.21,523.1641949152543,76634.37,144.47,53875.43,21707.09,209.0,122457.24,387631.34,400314.48,413438.18,427018.46,441071.94,455615.86,400314.48,1240771.12,2137458.92,0.0,59.59
39049006000,67.0,35822.51,214.21517553793882,21481.02,65.89,24574.51,11847.57,160.0,532412.57,626138.18,645087.52,664620.49,684755.34,705510.94,726906.75,645087.52,1994463.35,3426881.04,0.0,57.52
39049006100,74.0,37410.99,446.7279860505667,57071.45,73.62,27520.87,14209.81,248.0,0.0,136213.12,140949.26,145866.04,150970.73,156270.88,161774.38,140949.26,437786.03,755831.29,0.0,61.36
39049006236,0.0,0.0,0.0,0.0,0.0,0.0,56623.95,0.0,0.0,56623.95,57303.44,57991.08,58686.97,59391.22,60103.91,57303.44,173981.49,293476.62,0.0,11.26
39049006237,424.0,1051065.91,889.8888182973316,92074.48,416.96,155510.5,62672.39,390.0,0.0,1361323.28,1406893.77,1454044.48,1502831.42,1553312.58,1605548.07,1406893.77,4363769.67,7522630.32,0.0,40.81
39049006238,36.0,52829.6,60.377088305489266,4674.56,34.99,13019.85,15103.14,65.0,0.0,85627.15,88193.28,90843.89,93581.93,96410.4,99332.45,88193.28,272619.1,468361.95,4.51,36.23
39049006239,0.0,0.0,0.0,0.0,0.0,0.0,44155.31,442.0,0.0,44155.31,44685.17,45221.4,45764.05,46313.22,46868.98,44685.17,135670.62,228852.82,0.0,46.28
39049006240,43.0,58748.36,121.3240418118467,8720.35,43.0,16090.82,14798.19,115.0,0.0,98357.72,101386.18,104516.45,107752.12,111096.92,114554.7,101386.18,313654.75,539306.37,3.0,34.56
39049006241,100.0,69076.55,558.863545816733,46124.01,100.0,37420.5,48284.8,582.0,0.0,200905.86,206914.05,213130.6,219563.34,226220.42,233110.3,206914.05,639607.99,1098938.71,4.33,44.21
39049006301,18.0,20691.57,92.38636363636364,7339.45,18.0,6735.69,16648.63,90.0,0.0,51415.34,52838.0,54307.47,55825.45,57393.69,59014.01,52838.0,162970.92,279378.62,5.03,36.61
39049006302,19.0,14366.01,155.6578947368421,12197.74,18.93,7078.32,32368.04,372.0,0.0,66010.11,67627.19,69295.66,71017.4,72794.4,74628.68,67627.19,207940.25,355363.33,0.0,52.42
39049006310,4.0,3592.5,4.0,274.46,4.0,1496.82,37833.81,0.0,0.0,43197.59,43827.1,44467.96,45120.42,45784.77,46461.28,43827.1,133415.48,225661.53,0.0,10.97
39049006321,8.0,12641.18,110.48150470219436,8408.88,7.91,2953.15,41663.4,41.0,0.0,65666.61,67061.24,68496.23,69973.0,71493.04,73057.89,67061.24,205530.47,350081.4,0.0,19.53
39049006323,15.0,11506.98,55.142496847414876,4020.45,14.5,5389.94,24297.74,27.0,0.0,45215.11,46225.1,47264.19,48333.37,49433.66,50566.13,46225.1,141822.66,241822.45,0.0,24.88
39049006330,30.0,33907.6,34.74159558454591,2367.1,28.97,10766.13,28128.11,15.0,0.0,75168.94,77068.92,79026.0,81042.08,83119.11,85259.11,77068.92,237137.0,405515.22,0.0,18.35
39049006340,142.0,179709.05,317.08211330362826,29753.35,142.0,53137.11,24286.12,142.0,0.0,286885.63,296134.21,305699.89,315593.96,325828.12,336414.51,296134.21,917428.06,1579670.69,0.0,27.86
39049006351,18.0,10783.58,150.828515433611,12530.95,17.84,6663.93,19311.57,207.0,0.0,49290.03,50629.69,52014.87,53447.33,54928.87,56461.39,50629.69,156091.89,267482.15,0.0,46.43
39049006352,142.0,58511.23,174.04641775983853,13524.37,139.83,52164.97,4882.51,524.0,0.0,129083.08,133102.28,137253.86,141542.36,145972.53,150549.26,133102.28,411898.5,708420.29,0.0,64.02
39049006353,177.0,75216.04,527.7965924895689,52084.21,171.25,63666.07,19532.3,482.0,184072.75,394571.37,406895.94,419626.39,432776.7,446361.32,460395.25,406895.94,1259299.03,2166055.6,0.0,55.62
39049006372,45.0,22028.7,285.7719806763285,22307.15,44.31,16530.29,56088.11,524.0,0.0,116954.25,119815.39,122767.1,125812.7,128955.67,132199.6,119815.39,368395.19,629550.46,0.0,53.95
39049006384,170.0,164468.49,363.3035367275554,30828.97,167.18,62351.89,37768.5,272.0,0.0,295417.85,304573.57,314037.6,323820.84,333934.6,344390.57,304573.57,942432.01,1620757.18,0.0,40.5
39049006386,312.0,434923.46,753.881672900374,81684.42,304.23,113277.44,26074.38,406.0,0.0,655959.7,678002.65,700818.34,724434.69,748880.62,774186.16,678002.65,2103255.68,3626322.46,6.93,44.49
39049006387,23.0,17838.71,549.2820687308608,52675.78,22.91,8566.52,32523.85,302.0,0.0,111604.86,115204.07,118941.85,122823.93,126856.33,131045.31,115204.07,356969.85,614871.49,0.0,43.09
39049006391,11.0,15516.37,24.524886877828056,1636.89,11.0,4116.26,49428.02,26.0,0.0,70697.54,72010.32,73355.1,74732.87,76144.61,77591.35,72010.32,220098.29,373834.25,0.0,14.59
39049006392,13.0,10934.88,13.0,912.91,12.94,4837.85,31573.79,0.0,0.0,48259.43,49183.06,50129.51,51099.46,52093.6,53112.67,49183.06,150412.03,255618.3,0.0,17.39
39049006393,0.0,0.0,340.07244995233555,29442.32,0.0,0.0,44213.19,128.0,0.0,73655.51,75510.97,77432.42,79422.62,81484.44,83620.9,75510.97,232366.01,397471.35,0.0,30.06
39049006394,0.0,0.0,28.254996003197444,1978.03,0.0,0.0,11295.85,50.0,0.0,13273.88,13498.44,13728.64,13964.66,14206.73,14455.05,13498.44,41191.74,69853.52,0.0,34.1
39049006395,26.0,19849.82,42.20472813238771,2906.2,25.2,9372.25,10377.06,100.0,0.0,42505.33,43689.68,44911.59,46172.33,47473.23,48815.66,43689.68,134773.6,231062.49,0.0,37.36
39049006396,159.0,145938.18,458.9543536632144,44039.02,156.27,58275.85,33612.92,377.0,0.0,281865.97,290815.81,300074.87,309654.39,319566.02,329821.87,290815.81,900545.07,1549932.96,0.0,48.05
39049006397,186.0,73794.39,235.01892505677515,18726.41,184.1,68750.6,58516.85,541.0,0.0,219788.25,225634.71,231660.88,237872.82,244276.77,250879.24,225634.71,695168.41,1190324.42,4.97,57.28
39049006398,60.0,137584.95,215.195987654321,18010.86,59.84,22380.78,35150.9,77.0,0.0,213127.49,219734.78,226566.14,233629.51,240933.13,248485.55,219734.78,679930.43,1169349.11,0.0,24.78
39049006410,0.0,0.0,0.0,0.0,0.0,0.0,23968.12,43.0,0.0,23968.12,24255.74,24546.81,24841.37,25139.46,25441.14,24255.74,73643.92,124224.52,0.0,24.29
39049006430,188.0,114787.67,349.6589452932479,30261.76,178.66,66190.92,44665.13,231.0,0.0,255905.48,263475.58,271295.38,279373.67,287719.55,296342.48,263475.58,814144.63,1398206.66,0.0,37.12
39049006500,20.0,18906.91,53.69254658385093,3679.86,19.67,7336.18,40483.83,18.0,0.0,70406.78,71903.33,73440.9,75020.83,76644.5,78313.33,71903.33,220365.06,375322.89,0.0,16.86
39049006600,10.0,13285.87,103.89980855137206,7844.77,9.46,3502.03,30835.83,141.0,0.0,55468.5,56744.1,58058.49,59413.06,60809.27,62248.6,56744.1,174215.65,297273.52,0.0,17.14
39049006710,6.0,2346.97,130.26303501945526,10711.05,5.96,2227.41,17430.94,139.0,0.0,32716.37,33545.37,34402.83,35289.91,36207.78,37157.69,33545.37,103238.11,176603.58,0.0,40.2
39049006721,6.0,15281.03,50.54726368159204,3551.84,5.98,2236.58,34943.42,121.0,0.0,56012.87,57182.77,58385.02,59620.68,60890.87,62196.75,57182.77,175188.47,298276.09,0.0,29.14
39049006722,22.0,12080.5,66.18703241895261,5073.62,21.94,8205.79,15352.91,69.0,0.0,40712.82,41753.33,42826.25,43932.72,45073.92,46251.06,41753.33,128512.3,219837.28,0.0,35.04
39049006810,6.0,10109.83,25.867906976744184,1851.36,5.99,2240.64,20265.21,37.0,0.0,34467.04,35203.39,35960.2,36738.13,37537.88,38360.17,35203.39,107901.72,183799.77,0.0,28.55
39049006821,9.0,3921.23,747.7311046511628,101851.25,8.66,3215.79,18175.44,417.0,1367417.5,1494581.21,1540622.78,1588110.71,1637091.45,1687612.98,1739724.86,1540622.78,4765824.94,8193162.78,0.0,57.59
39049006822,0.0,0.0,25.787234042553195,1886.72,0.0,0.0,8362.2,38.0,0.0,10248.92,10434.17,10624.44,10819.93,11020.82,11227.32,10434.17,31878.54,54126.68,0.0,33.19
39049006910,0.0,0.0,19.520504731861198,1352.2,0.0,0.0,15127.51,14.0,0.0,16479.71,16722.09,16969.38,17221.75,17479.33,17742.29,16722.09,50913.22,86134.84,0.0,14.82
39049006921,118.0,78061.67,227.09369024856593,20222.79,115.06,42841.61,18669.16,187.0,0.0,159795.23,164732.48,169835.78,175111.01,180564.28,186201.92,164732.48,509679.27,876445.47,11.61,49.39
39049006923,98.0,160289.35,484.3366600133067,50974.49,96.5,36000.28,30786.65,163.0,0.0,278050.77,287224.2,296724.13,306562.72,316752.54,327306.68,287224.2,890511.05,1534570.27,0.0,31.67
39049006924,177.0,176058.09,394.7992485238862,37769.51,173.39,64618.68,23752.42,323.0,0.0,302198.7,311960.86,322058.98,332505.1,343311.71,354491.75,311960.86,966524.94,1664328.4,0.0,55.35
39049006931,82.0,40832.34,379.301446051168,32093.37,78.6,29168.39,51757.86,302.0,0.0,153851.96,158075.6,162439.93,166950.17,171611.75,176430.31,158075.6,487465.7,835507.76,0.0,46.8
39049006932,114.0,32914.8,228.835027365129,18000.94,113.57,42466.16,67224.86,217.0,0.0,160606.76,164437.17,168380.58,172440.81,176621.84,180927.79,164437.17,505258.56,862808.19,4.97,42.57
39049006933,338.0,155323.14,1426.3431241655542,192317.34,322.49,119569.55,62916.72,493.0,2053513.96,2583640.71,2663080.96,2745032.87,2829578.06,2916800.86,3006788.44,2663080.96,8237691.89,14161281.19,0.0,60.94
39049006943,8.0,3994.44,76.52368558042686,5948.77,7.78,2894.95,43079.99,123.0,0.0,55918.15,56914.98,57936.77,58984.34,60058.56,61160.34,56914.98,173836.09,295054.99,0.0,41.58
39049006944,21.0,20141.12,72.42813455657493,5657.28,20.88,7804.49,25137.17,71.0,0.0,58740.06,60196.34,61697.24,63244.31,64839.15,66483.43,60196.34,185137.89,316460.47,0.0,37.54
39049006945,184.0,102990.15,978.3037974683544,106085.98,178.83,66542.99,48269.81,529.0,2103121.51,2427010.44,2500725.42,2576722.74,2655074.39,2735854.67,2819140.3,2500725.42,7732522.55,13287517.52,0.0,61.72
39049006950,0.0,0.0,19.9486099410278,1500.68,0.0,0.0,10693.62,9.0,0.0,12194.3,12390.15,12590.59,12795.75,13005.82,13220.94,12390.15,37776.49,64003.25,0.0,23.03
39049006991,29.0,37501.01,121.1190345584202,9148.68,28.45,10605.46,22961.57,50.0,0.0,80216.72,82481.62,84820.92,87237.27,89733.41,92312.19,82481.62,254539.81,436585.41,0.0,23.11
39049006992,151.0,45524.35,366.7951807228916,34023.28,150.52,56289.29,31508.38,385.0,432923.93,600269.23,618166.68,636618.15,655641.3,675254.4,695476.3,618166.68,1910426.13,3281156.83,0.0,58.47
39049007010,24.0,18979.71,192.40901213171577,15673.76,23.86,8918.35,19049.52,157.0,0.0,62621.34,64442.5,66326.97,68277.16,70295.58,72384.85,64442.5,199046.63,341727.06,0.0,45.18
39049007020,112.0,72683.57,297.38790035587186,23790.31,111.85,41843.95,35618.58,351.0,0.0,173936.41,179024.42,184280.93,189711.92,195323.64,201122.53,179024.42,553017.27,949463.44,0.0,44.77
39049007041,0.0,0.0,93.0058536585366,7493.33,0.0,0.0,10827.88,79.0,0.0,18321.21,18788.34,19272.21,19773.51,20292.98,20831.39,18788.34,57834.06,98958.43,0.0,40.2
39049007043,212.0,117753.59,299.7098930481283,24417.9,207.95,77518.67,40951.06,513.0,0.0,260641.22,268290.78,276188.38,284342.58,292762.24,301456.54,268290.78,828821.74,1423040.52,0.0,52.25
39049007044,63.0,42877.43,117.65461432506886,8481.91,62.88,23521.07,17196.58,665.0,0.0,92076.99,94753.77,97517.43,100370.98,103317.53,106360.31,94753.77,292642.18,502320.02,3.31,55.66
39049007047,33.0,15973.97,105.47277936962752,8009.05,33.0,12348.76,19924.72,248.0,0.0,56256.5,57723.81,59237.5,60799.2,62410.62,64073.53,57723.81,177760.51,304244.66,0.0,45.5
39049007048,0.0,0.0,37.45110410094637,2621.59,0.0,0.0,40913.49,89.0,0.0,43535.08,44144.01,44764.15,45395.79,46039.27,46694.9,44144.01,134303.95,227038.12,0.0,32.43
39049007101,1.0,425.16,58.66017699115044,4368.65,1.0,374.2,21542.32,128.0,0.0,26710.33,27189.66,27681.7,28186.9,28705.74,29238.72,27189.66,83058.26,141002.72,0.0,41.72
39049007102,0.0,0.0,264.92273730684326,26993.46,0.0,0.0,20439.24,123.0,0.0,47432.7,48892.68,50410.26,51987.94,53628.33,55334.14,48892.68,151290.88,260253.35,0.0,36.97
39049007103,24.0,18454.23,57.41397533763946,4023.49,23.88,8926.9,27261.61,135.0,0.0,58666.23,60043.5,61461.02,62920.15,64422.28,65968.84,60043.5,184424.67,314815.79,0.0,38.23
39049007112,109.0,104428.21,364.833904109589,31128.67,106.71,39763.7,44942.51,237.0,0.0,220263.09,226852.27,233663.73,240705.5,247985.87,255513.48,226852.27,701221.5,1204720.85,0.0,38.77
39049007113,21.0,14784.8,93.78821656050955,6544.16,20.6,7679.18,47692.77,315.0,0.0,76700.91,78277.16,79896.44,81560.18,83269.87,85027.05,78277.16,239733.78,408030.7,0.0,51.38
39049007114,103.0,50006.01,436.41269841269843,38687.9,102.08,38130.85,44712.66,219.0,0.0,171537.42,176518.41,181669.27,186996.34,192506.22,198205.76,176518.41,545184.02,935896.0,0.0,45.73
39049007115,186.0,100954.39,626.471017430077,65002.53,182.09,67852.8,37869.43,420.0,0.0,271679.15,280288.42,289200.85,298427.82,307981.15,317873.13,280288.42,867917.09,1493771.37,0.0,55.3
39049007120,21.0,19211.38,48.61336379211879,3483.93,20.97,7845.04,35076.52,87.0,0.0,65616.87,67063.09,68549.85,70078.48,71650.35,73266.88,67063.09,205691.42,350608.65,3.97,34.63
39049007193,106.0,62253.47,347.3052276559865,29920.94,105.86,39603.04,51424.49,128.0,0.0,183201.94,188334.42,193635.91,199112.52,204770.57,210616.64,188334.42,581082.85,996470.06,0.0,28.55
39049007198,68.0,46543.58,68.0,4806.65,68.0,25445.94,23293.76,128.0,0.0,100089.93,102850.93,105697.93,108633.82,111661.55,114784.21,102850.93,317182.68,543628.44,0.0,41.16
39049007199,56.0,16890.94,263.77740641711233,20566.76,50.11,18356.88,44421.46,207.0,0.0,100236.04,102744.71,105333.58,108005.63,110763.92,113611.67,102744.71,316083.92,540459.51,0.0,40.55
39049007202,18.0,12779.25,111.1378332387975,8174.41,17.9,6690.63,25154.03,258.0,0.0,52798.32,54082.56,55406.8,56772.5,58181.15,59634.31,54082.56,166261.86,284077.32,0.0,48.86
39049007205,35.0,44028.63,115.89137288621382,8739.58,35.0,13097.18,10443.29,255.0,0.0,76308.68,78695.71,81164.07,83716.65,86356.48,89086.67,78695.71,243576.43,419019.58,0.0,39.25
39049007209,0.0,0.0,137.88770658818203,9758.06,0.0,0.0,39669.81,449.0,0.0,49427.87,50343.02,51283.64,52250.7,53245.18,54268.13,50343.02,153877.36,261390.67,3.24,40.57
39049007211,0.0,0.0,145.62419006479482,10907.6,0.0,0.0,38551.07,49.0,0.0,49458.67,50412.12,51393.22,52403.01,53442.61,54513.17,50412.12,154208.35,262164.13,0.0,6.27
39049007212,21.0,22153.4,232.15812196438208,18248.9,21.0,7858.31,39998.63,130.0,0.0,88259.24,90532.25,92880.02,95305.37,97811.19,100400.54,90532.25,278717.64,476929.37,0.0,21.92
39049007213,0.0,0.0,123.04207285787584,9057.09,0.0,0.0,57005.82,41.0,0.0,66062.91,67154.55,68272.74,69418.4,70592.5,71796.03,67154.55,204845.69,347234.22,3.85,10.68
39049007214,106.0,33987.53,297.33333333333337,29469.45,106.0,39665.73,9435.51,538.0,1217282.15,1329840.37,1369979.39,1411341.43,1453964.13,1497886.3,1543147.98,1369979.39,4235284.95,7276319.23,0.0,65.11
39049007215,55.0,56079.99,302.0316301703163,24345.49,55.0,20581.28,17666.6,230.0,0.0,118673.36,122458.24,126376.52,130433.18,134633.39,138982.52,122458.24,379267.94,652883.85,0.0,36.61
39049007301,171.0,274649.28,352.0215736040609,28339.55,170.68,63845.04,44030.41,129.0,0.0,410864.28,423876.78,437329.35,451237.43,465617.0,480484.63,423876.78,1312443.56,2258545.19,0.0,31.27
39049007302,0.0,0.0,0.0,0.0,0.0,0.0,22359.41,184.0,0.0,22359.41,22627.72,22899.26,23174.05,23452.14,23733.56,22627.72,68701.03,115886.73,0.0,42.01
39049007303,0.0,0.0,297.62300319488816,24697.21,0.0,0.0,50939.03,112.0,0.0,75636.24,77358.88,79138.87,80978.55,82880.35,84846.83,77358.88,237476.3,405203.48,5.48,32.88
39049007305,67.0,31581.79,384.9457229700391,37171.42,66.7,24937.01,43193.06,348.0,0.0,136883.28,140803.1,144858.68,149055.24,153398.18,157893.14,140803.1,434717.02,746008.34,0.0,48.45
39049007306,0.0,0.0,0.0,0.0,0.0,0.0,27329.93,17.0,0.0,27329.93,27657.89,27989.78,28325.66,28665.57,29009.56,27657.89,83973.33,141648.46,0.0,14.89
39049007394,33.0,91012.53,78.99029126213593,5704.63,32.98,12339.8,29029.95,28.0,0.0,138086.91,142185.91,146419.85,150793.38,155311.35,159978.75,142185.91,439399.14,754689.24,0.0,12.4
39049007397,40.0,38288.88,94.48817802503477,7142.58,39.54,14762.03,29659.58,90.0,0.0,89853.07,92239.56,94700.92,97239.72,99858.62,102560.39,92239.56,284180.2,486599.21,4.02,37.7
39049007398,43.0,44486.25,43.0,2870.82,43.0,16090.82,83416.24,100.0,0.0,146864.13,149953.6,153125.45,156382.24,159726.63,163161.34,149953.6,459461.29,782349.26,0.0,30.48
39049007424,89.0,55923.3,403.62251961236734,33958.42,85.82,31884.98,78373.89,135.0,0.0,200140.59,205363.65,210755.19,216321.34,222068.47,228003.18,205363.65,632440.18,1082511.83,10.19,34.87
39049007425,0.0,0.0,25.14545454545454,1882.35,0.0,0.0,13231.48,174.0,0.0,15113.83,15357.31,15606.51,15861.63,16122.85,16390.4,15357.31,46825.45,79338.7,0.0,48.53
39049007426,67.0,85365.2,240.42911877394636,20732.42,66.06,24650.77,17251.86,120.0,0.0,148000.25,152744.28,157652.76,162731.65,167987.14,173425.64,152744.28,473128.69,814541.47,0.0,35.82
39049007427,26.0,26974.09,307.45812807881777,25559.75,25.34,9433.99,34422.85,151.0,0.0,96390.68,99133.89,101972.75,104910.95,107952.35,111100.94,99133.89,306017.59,525070.88,0.0,35.23
39049007492,256.0,145213.42,624.2097147262914,61487.0,248.17,92298.11,49600.07,256.0,0.0,348598.6,359350.64,370469.9,381969.75,393864.05,406167.18,359350.64,1111790.29,1911821.52,0.0,36.6
39049007494,26.0,30867.48,39.12990527740189,2670.93,25.75,9617.28,36382.07,19.0,0.0,79537.76,81415.33,83347.37,85335.66,87382.05,89488.43,81415.33,250098.36,426968.84,0.0,27.73
39049007511,25.0,15336.02,140.24485373781147,13290.56,24.52,9140.46,26546.78,80.0,539593.24,603907.06,621776.77,640187.34,659155.41,678698.12,698833.16,621776.77,1921119.52,3298650.8,0.0,48.13
39049007512,144.0,45151.25,603.2513274336284,68963.5,142.34,53141.83,34912.65,219.0,438689.18,640858.41,660450.23,680670.08,701538.91,723078.39,745310.98,660450.23,2042659.22,3511048.59,0.0,47.17
39049007520,74.0,19091.2,263.6521739130435,25788.0,71.74,26681.17,18838.55,208.0,1271361.32,1361760.24,1402622.82,1444724.63,1488103.6,1532798.85,1578850.73,1402622.82,4335451.05,7447100.63,0.0,58.76
39049007531,88.0,50835.29,215.41147540983607,19723.02,86.82,32401.41,11413.45,201.0,180554.41,294927.58,303957.98,313274.99,322887.97,332806.64,343041.01,303957.98,940120.94,1615968.59,0.0,56.83
39049007532,56.0,32369.77,180.3154362416107,14606.76,55.79,20861.03,20155.54,351.0,1173546.81,1261539.91,1299299.95,1338201.36,1378278.9,1419568.4,1462106.79,1299299.95,4015780.21,6897455.4,0.0,71.18
39049007533,13.0,9526.59,59.144157814871015,4849.38,12.98,4855.92,16683.12,48.0,92110.61,128025.62,131662.19,135408.58,139268.24,143244.73,147341.7,131662.19,406339.01,696925.44,0.0,45.26
39049007534,26.0,11653.85,516.6491849751949,53896.06,25.83,9653.34,46598.29,343.0,1308508.74,1430310.28,1473199.26,1517402.06,1562959.65,1609914.3,1658309.64,1473199.26,4553560.97,7821784.91,0.0,66.03
39049007550,3.0,2538.66,205.15125324114086,18634.46,2.87,1064.52,15635.85,194.0,0.0,37873.49,39015.14,40200.55,41431.57,42710.13,44038.25,39015.14,120647.26,207395.64,6.35,51.31
39049007552,78.0,52944.18,337.568,29457.72,76.81,28654.73,65486.09,119.0,0.0,176542.72,181223.57,186056.26,191046.31,196199.46,201521.65,181223.57,558326.14,956047.25,0.0,44.65
39049007553,291.0,139256.1,768.2786885245902,80067.03,288.76,107889.03,55887.84,614.0,2936718.92,3319818.92,3419765.35,3522763.02,3628906.29,3738292.45,3851021.85,3419765.35,10571434.66,18160748.96,0.0,66.73
39049007710,221.0,215733.67,598.6852704257767,71373.01,214.24,79679.04,33023.79,245.0,41652.87,441462.38,455862.69,470763.85,486184.03,502142.11,518657.64,455862.69,1412810.57,2433610.32,9.91,51.51
39049007721,285.0,154603.25,602.5538793103448,56367.35,279.02,103972.15,42043.45,424.0,1609768.05,1966754.25,2026098.76,2087266.63,2150314.79,2215301.97,2282288.78,2026098.76,6263680.18,10761270.93,0.0,63.87
39049007722,93.0,65768.44,251.72128060263654,21973.04,92.53,34589.87,39089.79,96.0,0.0,161421.14,166045.65,170822.46,175757.02,180854.95,186122.09,166045.65,512625.13,879602.17,0.0,40.34
39049007730,44.0,53316.71,262.53769992383855,24193.08,42.65,15862.17,23847.3,106.0,0.0,117219.26,120856.76,124621.9,128519.48,132554.46,136731.99,120856.76,373998.14,643284.59,5.91,38.08
39049007740,21.0,19215.23,221.17605633802816,26769.21,20.79,7763.85,4882.89,114.0,0.0,58631.18,60761.02,62974.16,65273.99,67664.06,70148.03,60761.02,189009.17,326821.26,0.0,43.63
39049007811,39.0,35549.17,184.85070717653218,15260.92,38.55,14392.42,18706.64,173.0,0.0,83909.15,86424.4,89025.8,91716.5,94499.81,97379.15,86424.4,267166.7,459045.66,0.0,43.43
39049007812,120.0,119902.8,505.9702653247941,51304.03,114.65,42519.91,11997.3,349.0,0.0,225724.04,233436.28,241427.6,249708.5,258289.87,267183.07,233436.28,724572.38,1250045.32,21.04,50.66
39049007820,347.0,267784.51,798.7598385469223,95591.35,341.69,127470.85,19297.98,374.0,116247.46,626392.15,646971.99,668260.51,690283.06,713065.95,736636.43,646971.99,2005515.56,3455217.94,0.0,56.66
39049007830,132.0,48437.54,187.60279119699408,15286.82,130.31,48637.82,2003.48,402.0,3094847.8,3209213.46,3305682.1,3405057.09,3507426.21,3612879.92,3721511.42,3305682.1,10218165.4,17552556.74,0.0,62.48
39049007922,100.0,113370.33,249.65439519158528,19565.64,97.96,36507.56,40918.21,212.0,0.0,210361.74,216613.86,223073.19,229747.02,236642.89,243768.62,216613.86,669434.07,1149845.58,0.0,34.79
39049007931,28.0,30234.01,72.35545023696683,5184.0,27.75,10365.7,29216.25,28.0,0.0,74999.96,76901.17,78860.6,80880.22,82962.11,85108.37,76901.17,236641.99,404712.47,3.44,24.59
39049007941,0.0,0.0,0.0,0.0,0.0,0.0,15442.37,105.0,0.0,15442.37,15627.68,15815.21,16004.99,16197.05,16391.42,15627.68,47447.88,80036.35,0.0,36.43
39049007955,0.0,0.0,35.68198529411765,2718.75,0.0,0.0,11929.79,55.0,0.0,14648.54,14914.04,15186.77,15466.98,15754.97,16051.02,14914.04,45567.79,77373.78,0.0,33.32
39049007956,15.0,16033.2,71.15489874110564,5210.11,14.94,5586.37,50782.76,45.0,0.0,77612.44,79157.11,80742.77,82370.77,84042.49,85759.36,79157.11,242270.65,412072.5,0.0,30.53
39049007957,0.0,0.0,175.75244299674267,14418.17,0.0,0.0,33518.71,329.0,0.0,47936.88,48987.92,50072.99,51193.45,52350.74,53546.35,48987.92,150254.36,256151.45,0.0,44.8
39049007958,25.0,63221.06,196.33579335793357,16510.26,24.98,9346.52,20657.91,77.0,0.0,109735.75,113173.01,116729.96,120411.0,124220.7,128163.8,113173.01,350313.97,602698.47,4.93,24.15
39049007959,0.0,0.0,0.0,0.0,0.0,0.0,8407.52,27.0,0.0,8407.52,8508.41,8610.51,8713.84,8818.4,8924.22,8508.41,25832.76,43575.38,0.0,32.66
39049007960,0.0,0.0,28.749575070821532,1987.77,0.0,0.0,25801.8,47.0,0.0,27789.57,28188.64,28595.45,29010.23,29433.21,29864.63,28188.64,85794.32,145092.16,0.0,32.16
39049007961,0.0,0.0,41.435614849187935,2749.84,0.0,0.0,55001.86,32.0,0.0,57751.7,58535.47,59332.72,60143.81,60969.09,61808.93,58535.47,178012.0,300790.02,0.0,19.65
39049007962,86.0,51708.03,109.65395095367847,7812.65,85.78,32082.61,49242.82,312.0,0.0,140846.11,144400.44,148061.07,151831.53,155715.45,159716.59,144400.44,444293.04,759725.08,0.0,44.49
39049007963,0.0,0.0,0.0,0.0,0.0,0.0,25101.56,13.0,0.0,25101.56,25402.78,25707.61,26016.1,26328.3,26644.24,25402.78,77126.49,130099.03,0.0,25.28
39049007964,59.0,76398.48,166.4936664320901,12082.78,59.0,22078.1,33929.2,390.0,0.0,144488.56,148665.33,152978.85,157433.89,162035.4,166788.51,148665.33,459078.07,787901.98,0.0,45.49
39049007965,118.0,90084.03,273.4031413612566,23663.47,117.78,44057.12,18146.83,431.0,0.0,175951.45,181488.44,187213.84,193134.41,199257.12,205589.23,181488.44,561836.69,966683.04,0.0,62.13
39049007966,51.0,70205.93,71.62357414448668,4875.22,49.05,18214.16,42727.73,177.0,0.0,136023.04,139667.72,143425.81,147301.12,151297.61,155419.35,139667.72,430394.65,737111.61,2.35,40.1
39049008001,0.0,0.0,0.0,0.0,0.0,0.0,28499.36,45.0,0.0,28499.36,28841.35,29187.45,29537.7,29892.15,30250.86,28841.35,87566.5,147709.51,0.0,28.51
39049008002,0.0,0.0,32.014992503748125,2201.97,0.0,0.0,31986.86,12.0,0.0,34188.83,34671.76,35163.76,35665.07,36175.98,36696.74,34671.76,105500.59,178373.31,0.0,28.42
39049008110,44.0,10261.08,430.5638173302108,44414.06,43.3,16151.55,32873.4,181.0,0.0,103700.09,106856.13,110129.51,113525.02,117047.66,120702.65,106856.13,330510.66,568260.97,0.0,46.17
39049008120,99.0,90466.11,491.07414571244357,55356.68,97.3,36284.9,24295.05,196.0,0.0,206402.74,213258.77,220363.89,227727.64,235359.92,243271.05,213258.77,661350.3,1139981.27,0.0,46.3
39049008132,163.0,162117.85,367.64713759625045,31528.54,157.39,58490.92,35940.94,302.0,0.0,288078.25,297064.72,306355.37,315960.99,325892.77,336162.33,297064.72,919381.08,1581436.18,5.5,45.95
39049008163,170.0,116793.24,257.56198347107437,24222.84,168.69,63027.43,28449.1,285.0,0.0,232492.61,239587.48,246917.95,254492.29,262319.04,270407.06,239587.48,740997.72,1273723.82,0.0,57.82
39049008164,93.0,55720.32,262.3707983193277,22219.56,92.88,34747.12,42958.54,285.0,0.0,155645.54,159979.81,164455.24,169076.85,173849.87,178779.71,159979.81,493511.9,846141.48,0.0,51.89
39049008165,0.0,0.0,27.331103678929765,2083.66,0.0,0.0,7617.15,46.0,0.0,9700.81,9885.98,10076.47,10272.47,10474.21,10681.9,9885.98,30234.92,51391.03,11.08,38.36
39049008166,34.0,38562.62,71.61570680628272,5060.99,34.0,12722.97,28406.64,88.0,0.0,84753.22,86989.61,89295.53,91673.34,94125.5,96654.52,86989.61,267958.48,458738.5,0.0,30.25
39049008167,8.0,4265.27,20.668312757201647,1413.56,7.99,2989.12,24882.23,92.0,0.0,33550.18,34136.39,34736.14,35349.83,35977.87,36620.7,34136.39,104222.36,176820.93,2.94,40.24
39049008168,56.0,24971.57,134.93888166449935,10644.84,55.61,20780.41,23014.88,91.0,0.0,79411.7,81560.41,83777.57,86065.58,88426.94,90864.24,81560.41,251403.56,430694.74,4.63,40.41
39049008169,0.0,0.0,235.39110429447854,20969.7,0.0,0.0,32721.54,260.0,0.0,53691.24,55027.53,56411.01,57843.62,59327.43,60864.58,55027.53,169282.16,289474.17,0.0,48.24
39049008170,57.0,79510.31,206.1067297581493,16331.11,57.0,21329.68,40516.97,77.0,0.0,157688.07,162225.28,166912.12,171753.9,176756.11,181924.45,162225.28,500891.3,859571.86,14.84,33.58
39049008171,23.0,9035.69,59.19597989949749,4148.66,22.96,8588.48,16179.38,287.0,0.0,37952.21,38864.01,39802.98,40770.05,41766.17,42792.35,38864.01,119437.04,203995.56,0.0,52.44
39049008172,323.0,272720.88,484.4399286987523,41665.84,319.71,119393.02,43301.86,262.0,0.0,477081.6,492006.24,507430.2,523370.89,539846.39,556875.39,492006.24,1522807.33,2619529.11,0.0,41.24
39049008210,66.0,79446.55,284.758449304175,30815.9,62.97,23347.37,18119.12,123.0,0.0,151728.94,156697.4,161842.78,167171.7,172691.02,178407.88,156697.4,485711.88,836810.78,15.98,43.58
39049008230,100.0,66049.85,378.3345543345543,38589.92,98.47,36735.21,48309.18,92.0,1130966.7,1320650.86,1360126.24,1400808.47,1442735.07,1485944.8,1530477.59,1360126.24,4203669.78,7220092.17,0.0,49.93
39049008241,5.0,1515.74,118.89409862570736,9683.52,4.99,1866.31,27144.5,270.0,1108514.14,1148724.21,1182840.84,1217981.66,1254177.65,1291460.69,1329863.64,1182840.84,3655000.15,6276324.48,5.4,61.46
39049008242,0.0,0.0,100.85080796692972,7431.61,0.0,0.0,32856.26,254.0,0.0,40287.87,41016.57,41765.05,42534.04,43324.31,44136.66,41016.57,125315.66,212776.63,4.19,42.47
39049008311,204.0,208681.44,1020.9757225433527,148678.46,198.53,73892.72,45417.9,404.0,1591846.36,2068516.88,2132658.98,2198843.18,2267136.18,2337606.94,2410326.71,2132658.98,6598638.34,11346571.99,0.0,56.84
39049008312,129.0,54188.11,1051.0747422680413,150232.19,127.68,47681.03,64939.65,401.0,3326429.38,3643470.36,3753891.58,3867716.33,3985051.31,4106006.6,4230695.84,3753891.58,11606659.22,19943361.66,0.0,58.95
39049008321,104.0,39739.71,260.91002570694087,24677.14,102.94,38442.08,25976.37,93.0,0.0,128835.3,132609.43,136509.98,140541.54,144708.9,149017.01,132609.43,409660.95,703386.86,0.0,37.4
39049008322,26.0,18318.46,145.39509536784743,11384.14,25.97,9715.58,50091.49,189.0,0.0,89509.67,91507.09,93563.29,95680.33,97860.34,100105.56,91507.09,280750.71,478716.61,5.24,45.05
39049008330,42.0,7763.18,141.64591977869986,13740.98,41.14,15331.98,15778.57,107.0,359919.23,412533.94,424794.21,437427.61,450445.69,463860.39,477684.02,424794.21,1312667.51,2254211.92,0.0,54.41
39049008340,65.0,32962.35,710.0165975103735,82936.86,64.58,24135.23,35841.38,237.0,0.0,175875.82,181795.14,187943.03,194328.9,200962.56,207854.24,181795.14,564067.07,972883.87,9.24,50.15
39049008350,77.0,44512.59,472.78977635782746,40602.64,75.43,28111.12,40980.75,267.0,0.0,154207.1,158786.71,163526.53,168432.69,173511.56,178769.74,158786.71,490745.93,843027.23,5.17,45.11
39049008360,25.0,30433.66,67.23152709359606,4747.85,24.94,9327.82,34274.89,156.0,0.0,78784.22,80707.55,82688.53,84729.12,86831.33,88997.23,80707.55,248125.2,423953.76,0.0,37.93
39049008380,179.0,169489.51,409.69299363057326,37254.57,179.0,66982.7,30845.2,118.0,0.0,304571.98,314225.28,324207.95,334531.75,345208.88,356251.98,314225.28,972964.98,1674425.84,17.75,38.38
39049008381,10.0,10282.76,10.0,725.58,9.94,3715.36,23793.44,166.0,0.0,38517.14,39288.09,40078.86,40890.05,41722.28,42576.21,39288.09,120257.0,204555.49,5.23,45.32
39049008382,5.0,5702.28,41.80092236740969,2869.36,4.99,1866.31,15080.64,29.0,0.0,25518.59,26074.92,26647.38,27236.53,27842.96,28467.28,26074.92,79958.83,136269.07,0.0,31.75
39049008400,0.0,0.0,24.88742102240092,1700.33,0.0,0.0,29063.6,120.0,0.0,30763.93,31189.21,31622.11,32062.85,32511.64,32968.69,31189.21,94874.17,160354.5,0.0,30.17
39049008500,41.0,35459.14,41.0,2651.63,38.59,14271.04,24864.67,349.0,0.0,77246.48,79262.03,81338.88,83479.06,85684.68,87957.91,79262.03,244079.97,417722.56,0.0,42.08
39049008710,35.0,20079.01,276.0,31448.26,33.8,12561.11,13602.13,138.0,223427.25,301117.76,310415.77,320012.95,329919.28,340145.09,350701.06,310415.77,960348.0,1651194.15,9.85,40.86
39049008720,49.0,26197.39,528.8181818181819,64027.26,47.78,17790.47,21270.61,231.0,0.0,129285.73,133783.87,138457.95,143315.22,148363.28,153610.03,133783.87,415557.04,717530.35,20.04,42.74
39049008730,120.0,79055.38,481.59183673469386,71354.13,113.88,42179.8,17462.77,184.0,1619937.3,1829989.38,1885829.42,1943397.62,2002748.29,2063937.5,2127023.09,1885829.42,5831975.33,10022935.92,33.68,63.05
39049008811,67.0,27623.05,102.95810055865923,9943.81,66.23,24726.59,14423.85,41.0,1974.08,78691.38,80956.13,83294.17,85708.04,88200.39,90773.98,80956.13,249958.34,428932.71,9.34,40.25
39049008812,96.0,73753.71,256.72816265060237,25230.13,92.32,34281.98,24166.27,108.0,0.0,157432.09,162295.87,167326.0,172528.51,177909.67,183475.98,162295.87,502150.38,863536.03,8.1,41.77
39049008813,28.0,11512.35,70.853711790393,5796.87,27.77,10374.42,17943.82,109.0,0.0,45627.46,46765.94,47939.32,49148.84,50395.73,51681.32,46765.94,143854.1,245931.15,0.0,47.99
39049008821,10.0,8823.87,10.0,779.58,9.89,3692.89,11543.78,63.0,0.0,24840.12,25414.88,26006.01,26614.01,27239.45,27882.88,25414.88,78034.9,133157.23,7.48,43.35
39049008822,47.0,11322.76,835.5708154506437,121093.71,46.16,17211.46,31831.09,384.0,1523057.26,1704516.28,1756865.77,1810860.44,1866553.25,1923998.93,1983254.01,1756865.77,5434279.46,9341532.4,12.32,57.34
39049008825,212.0,152357.3,437.85985015425297,41818.12,211.19,78968.29,33776.39,158.0,0.0,306920.1,316513.94,326433.33,336689.88,347295.68,358263.24,316513.94,979637.15,1685196.07,15.84,34.38
39049008900,20.0,12980.46,212.5732368896926,17031.35,19.74,7367.9,31988.65,116.0,0.0,69368.36,71157.15,73005.54,74915.81,76890.33,78931.57,71157.15,219078.5,374900.4,0.0,34.97
39049009000,0.0,0.0,104.10335689045935,7837.13,0.0,0.0,33015.17,64.0,0.0,40852.3,41601.15,42370.63,43161.5,43974.58,44810.69,41601.15,127133.28,215918.55,3.71,25.76
39049009100,12.0,13513.27,341.65847813061714,29935.48,11.85,4422.98,44548.19,123.0,0.0,92419.92,94885.13,97436.7,100078.07,102812.85,105644.78,94885.13,292399.9,500857.53,0.0,20.15
39049009220,59.0,40532.98,362.2216748768473,42678.65,58.17,21706.56,16818.43,139.0,806757.98,928494.6,956781.02,985945.58,1016016.08,1047021.17,1078990.47,956781.02,2958742.68,5084754.32,0.0,53.62
39049009230,215.0,137306.37,1194.9050966608083,159907.91,212.81,79472.11,52617.17,571.0,0.0,429303.56,443923.35,459092.4,474832.5,491166.33,508117.53,443923.35,1377848.25,2377132.11,0.0,66.48
39049009240,37.0,21443.11,203.0110701107011,20114.85,36.81,13760.44,10108.47,78.0,0.0,65426.87,67547.86,69745.91,72023.99,74385.23,76832.84,67547.86,209317.76,360535.83,0.0,37.79
39049009250,55.0,20521.02,154.84615384615387,14374.24,54.23,20236.32,19822.24,55.0,0.0,74953.82,77062.67,79241.27,81492.16,83817.97,86221.45,77062.67,237796.1,407835.52,0.0,37.48
39049009251,22.0,11068.58,81.41538461538461,8385.3,21.03,7800.28,9077.13,202.0,838107.6,874438.89,900650.79,927653.71,955471.65,984129.35,1013652.31,900650.79,2783776.15,4781557.81,0.0,89.45
39049009252,177.0,192397.6,527.6577017114914,70344.16,176.33,65933.42,15724.48,326.0,1571034.52,1915434.18,1974301.65,2035004.65,2097601.33,2162151.69,2228717.68,1974301.65,6106907.63,10497777.0,9.77,60.18
39049009311,13.0,14442.53,189.14046822742475,18742.15,12.95,4842.27,16658.81,84.0,0.0,54685.76,56355.61,58086.53,59880.95,61741.4,63670.52,56355.61,174323.09,299735.01,0.0,42.89
39049009312,58.0,26927.14,242.2434108527132,22509.27,57.89,21654.5,16612.0,268.0,461883.78,549586.69,566139.28,583202.05,600791.06,618922.86,637614.54,566139.28,1750132.39,3006669.79,0.0,61.08
39049009321,17.0,10279.65,123.96178343949045,11028.69,16.96,6343.22,25499.41,39.0,0.0,53150.97,54471.62,55834.84,57242.2,58695.37,60196.06,54471.62,167548.66,286440.09,0.0,40.72
39049009322,51.0,29943.08,271.83333333333337,25525.1,50.41,18820.29,42855.36,105.0,8190.95,125334.78,128761.92,132302.73,135961.41,139742.34,143650.03,128761.92,397026.06,680418.43,14.2,37.56
39049009323,143.0,134459.27,681.9392097264437,88343.11,141.73,52941.67,38055.31,383.0,1521430.61,1835229.97,1891334.61,1949190.71,2008854.06,2070382.27,2133834.81,1891334.61,5849379.38,10053596.46,0.0,66.64
39049009325,75.0,4467.88,1268.447846889952,209331.8,71.27,26404.49,55545.87,557.0,7674908.72,7970658.76,8211808.99,8460320.51,8716420.32,8980342.51,9252328.48,8211808.99,25388549.82,43621220.81,27.73,72.15
39049009326,99.0,28037.61,362.4111111111111,44198.06,98.5,36821.6,10162.15,169.0,0.0,119219.42,123232.13,127393.17,131708.36,136183.75,140825.66,123232.13,382333.66,659343.07,8.61,54.45
39049009332,46.0,44419.06,291.0869565217391,27413.1,45.94,17186.51,39946.48,229.0,0.0,128965.15,132662.43,136486.12,140440.98,144531.92,148764.06,132662.43,409589.53,702885.51,0.0,50.7
39049009334,92.0,95110.61,202.72948822095856,18816.88,91.71,34296.38,23309.5,105.0,896112.58,1067645.95,1099842.08,1133024.12,1167222.63,1202469.14,1238796.15,1099842.08,3400088.83,5841354.12,0.0,47.54
39049009336,123.0,188684.63,123.0,9001.06,123.0,46027.22,7229.71,162.0,0.0,250942.62,259189.07,267714.69,276529.12,285642.36,295064.71,259189.07,803432.88,1384139.95,5.08,48.47
39049009337,58.0,21030.31,297.8147482014388,27049.23,57.26,21372.13,53478.6,170.0,0.0,122930.27,126059.59,129290.51,132626.82,136072.46,139631.53,126059.59,387976.92,663680.91,6.83,47.04
39049009340,122.0,41570.99,552.760374832664,69574.28,119.51,44538.78,26557.27,352.0,3720877.25,3903118.57,4020762.87,4141979.44,4266877.59,4395570.04,4528172.99,4020762.87,12429619.9,21353362.93,0.0,66.72
39049009350,169.0,92395.54,554.2529182879377,72586.08,167.92,62756.07,20545.53,245.0,0.0,248283.22,256598.89,265216.9,274148.87,283406.83,293003.32,256598.89,795964.66,1372374.81,0.0,52.82
39049009361,62.0,43556.88,588.5772524837273,65344.78,59.79,22213.97,20037.23,339.0,0.0,151152.86,156413.66,161876.91,167550.82,173443.92,179565.13,156413.66,485841.39,838850.44,20.0,49.21
39049009372,312.0,214750.27,281.6850738108256,24797.05,312.0,116751.96,33338.79,398.0,0.0,389638.07,401589.06,413931.11,426677.55,439842.22,453439.42,401589.06,1242197.72,2135479.36,0.0,59.11
39049009373,29.0,27150.78,169.53134726545133,13495.11,28.8,10762.02,62727.28,273.0,0.0,114135.19,116714.53,119370.21,122104.9,124921.39,127822.54,116714.53,358189.64,610933.57,12.11,47.24
39049009381,105.0,99383.53,497.4194961664841,44682.27,104.33,38990.84,69218.71,417.0,1656378.5,1908653.85,1965639.73,2024362.91,2084877.17,2147238.0,2211502.62,1965639.73,6074879.81,10433620.43,0.0,54.79
39049009382,76.0,59358.45,351.39327217125384,39209.52,75.9,28394.77,15660.8,191.0,0.0,142623.54,147363.31,152275.2,157365.79,162641.94,168110.76,147363.31,457004.3,787757.0,0.0,42.8
39049009383,100.0,105914.24,194.77734678045,17690.82,99.11,37021.44,15105.46,188.0,0.0,175731.96,181341.85,187142.62,193141.03,199344.08,205759.04,181341.85,561625.5,966728.62,0.0,53.49
39049009384,214.0,164104.12,336.03328050713156,36375.88,213.44,79828.78,13152.38,161.0,0.0,293461.16,302995.27,312855.85,323054.53,333603.35,344514.81,302995.27,938905.65,1617023.81,7.62,46.9
39049009385,65.0,84637.87,307.833242506812,30076.26,64.83,24247.1,22679.88,146.0,0.0,161641.11,166835.2,172212.3,177779.2,183542.93,189510.83,166835.2,516826.7,889880.46,0.0,40.8
39049009386,11.0,2975.99,27.366071428571427,2054.66,10.92,4080.03,31459.33,279.0,1411173.8,1451743.81,1494755.16,1539051.44,1584671.21,1631654.15,1680041.14,1494755.16,4618477.81,7930173.1,0.0,63.12
39049009390,82.0,88837.05,410.05,33363.64,80.85,30169.76,55431.47,144.0,0.0,207801.92,213832.0,220065.31,226509.26,233171.55,240060.17,213832.0,660406.57,1133638.29,0.0,29.14
39049009391,75.0,43625.48,398.790834845735,36910.76,74.9,28020.67,35114.86,237.0,0.0,143671.77,147981.54,152442.07,157059.08,161838.54,166786.65,147981.54,457482.69,786107.88,0.0,47.41
39049009392,1.0,660.98,408.9196428571429,42519.33,0.98,365.5,32350.55,300.0,1253322.84,1329219.2,1369152.73,1410306.06,1452716.97,1496424.48,1541468.79,1369152.73,4232175.76,7270069.03,0.0,60.65
39049009393,141.0,58683.75,918.7169811320755,138114.36,139.2,51955.99,34989.78,370.0,2151666.32,2435410.2,2509948.04,2586811.47,2666074.54,2747813.75,2832108.08,2509948.04,7762834.05,13342755.88,0.0,59.49
39049009394,21.0,23864.1,49.31674208144796,3961.72,20.81,7773.34,12517.23,56.0,0.0,48116.39,49474.45,50876.43,52323.85,53818.3,55361.42,49474.45,152674.73,261854.45,0.0,38.48
39049009395,0.0,0.0,44.304250559284114,3423.21,0.0,0.0,26822.3,60.0,0.0,30245.51,30721.42,31208.13,31705.99,32215.37,32736.67,30721.42,93635.54,158587.58,0.0,32.98
39049009396,150.0,61262.34,386.70605612998526,43510.3,148.28,55359.5,29905.31,345.0,763353.42,953390.87,982136.47,1011771.15,1042323.02,1073821.13,1106295.43,982136.47,3036230.64,5216347.2,17.56,67.39
39049009397,103.0,113171.41,290.283476898982,29879.29,100.44,37397.98,16208.2,274.0,393939.87,590596.75,608849.96,627682.57,647113.39,667161.88,687848.14,608849.96,1883645.92,3238655.94,8.09,62.2
39049009401,89.0,71102.51,89.0,6205.28,88.43,33048.59,22318.04,109.0,0.0,132674.42,136536.28,140521.67,144634.77,148879.88,153261.48,136536.28,421692.72,723834.08,6.53,36.84
39049009403,52.0,93737.9,85.16597510373444,6367.24,51.93,19427.41,47360.97,79.0,0.0,166893.52,171514.89,176282.94,181202.67,186279.22,191517.94,171514.89,529000.5,906797.66,0.0,40.55
39049009404,0.0,0.0,64.88005886681383,5408.16,0.0,0.0,13230.94,66.0,0.0,18639.1,19041.24,19456.23,19884.6,20326.88,20783.63,19041.24,58382.07,99492.58,0.0,34.57
39049009405,5.0,18392.89,20.19542362399505,1459.3,5.0,1871.02,30978.35,8.0,0.0,52701.56,53829.5,54988.55,56179.72,57404.05,58662.62,53829.5,164997.77,281064.44,0.0,23.26
39049009410,22.0,13436.97,121.90944881889764,10237.71,21.94,8205.79,19489.52,44.0,0.0,51369.99,52740.0,54155.14,55617.07,57127.54,58688.35,52740.0,162512.21,278328.1,0.0,32.81
39049009420,286.0,105747.87,620.8579387186629,61878.54,283.45,105879.61,54150.43,222.0,0.0,327656.45,337438.96,347550.28,358002.34,368807.51,379978.65,337438.96,1042991.58,1791777.74,0.0,43.3
39049009440,130.0,190131.78,296.60284463894965,25414.38,130.0,48646.65,41427.57,110.0,0.0,305620.38,315131.94,324964.24,335128.58,345636.68,356500.67,315131.94,975224.76,1677362.11,5.24,33.67
39049009495,59.0,30294.34,162.38880849011093,12418.85,55.5,20522.06,54934.43,107.0,0.0,118169.68,120961.09,123835.51,126795.76,129844.8,132985.7,120961.09,371592.36,634422.86,0.0,38.39
39049009497,24.0,36835.77,185.39690107270562,17848.44,23.99,8976.1,10575.94,128.0,0.0,74236.25,76680.0,79212.14,81836.05,84555.22,87373.29,76680.0,237728.19,409656.7,0.0,48.52
39049009498,56.0,43548.41,750.9228808158063,104853.93,55.14,20570.52,40160.57,322.0,0.0,209133.43,216372.24,223895.37,231714.62,239842.32,248291.31,216372.24,671982.23,1160115.86,0.0,46.08
39049009520,15.0,17022.17,409.36103896103896,39708.61,14.97,5599.72,29701.96,164.0,0.0,92032.46,94911.54,97899.66,101001.3,104221.15,107564.08,94911.54,293812.5,505597.73,0.0,33.26
39049009590,16.0,13927.73,234.4689754689755,20218.78,15.98,5978.24,38365.93,92.0,0.0,78490.68,80497.84,82572.27,84716.56,86933.43,89225.68,80497.84,247786.67,423945.78,6.92,38.25
39049009600,21.0,19766.75,298.71039714413206,26820.83,20.85,7791.25,36485.99,398.0,0.0,90864.82,93396.21,96016.24,98728.41,101536.32,104443.74,93396.21,288140.86,494120.92,6.83,55.24
39049009711,33.0,16254.56,177.90099999999998,15195.59,32.66,12196.6,34158.1,199.0,0.0,77804.85,79772.37,81803.12,83899.42,86063.71,88298.49,79772.37,245474.91,419837.11,0.0,44.78
39049009712,0.0,0.0,51.63688524590164,3892.12,0.0,0.0,20666.65,106.0,0.0,24558.77,24981.92,25415.92,25861.17,26318.07,26787.06,24981.92,76259.01,129364.14,0.0,42.46
39049009751,14.0,29928.94,114.64200000000001,8686.9,14.0,5238.87,48234.0,55.0,0.0,92088.71,94236.91,96449.59,98728.98,101077.41,103497.29,94236.91,289415.48,493990.18,0.0,27.03
39049009752,0.0,0.0,93.90575916230367,6741.05,0.0,0.0,39964.78,65.0,0.0,46705.83,47488.75,48291.08,49113.5,49956.72,50821.49,47488.75,144893.33,245671.54,0.0,30.0
39049009753,168.0,83190.04,377.9069282136895,35126.81,168.0,62866.44,28265.61,163.0,0.0,209448.9,215852.11,222471.71,229315.52,236391.62,243708.41,215852.11,667639.34,1147739.37,0.0,28.66
39049009754,27.0,60959.03,75.19716312056737,5307.08,27.0,10103.54,25099.08,26.0,0.0,101468.73,104394.89,107416.4,110536.57,113758.79,117086.62,104394.89,322347.86,553193.27,0.0,23.18
39049009755,99.0,138726.28,313.01960784313724,25379.89,98.81,36961.15,56719.81,120.0,0.0,257787.13,265389.31,273244.09,281360.42,289747.54,298415.07,265389.31,819993.82,1408156.43,5.23,29.56
39049009756,42.0,10310.07,149.7846153846154,12860.65,41.63,15550.43,10342.34,138.0,0.0,49063.49,50515.94,52018.27,53572.36,55180.15,56843.68,50515.94,156106.57,268130.4,0.0,46.35
39049009757,0.0,0.0,71.38674884437596,5546.82,0.0,0.0,23274.45,187.0,0.0,28821.27,29350.17,29893.65,30452.27,31026.58,31617.18,29350.17,89696.09,152339.85,0.0,42.36
39049009801,13.0,19869.22,33.39821693907876,2397.44,13.0,4864.66,23177.08,13.0,0.0,50308.4,51511.45,52750.07,54025.45,55338.82,56691.45,51511.45,158286.97,270317.24,0.0,28.7
39049009802,6.0,8639.9,67.36215112321308,5137.12,6.0,2245.23,19186.5,27.0,0.0,35208.75,36028.69,36873.77,37744.92,38643.07,39569.2,36028.69,110647.38,188859.65,10.23,32.91
39049009900,44.0,17405.29,174.00577478344562,16050.24,43.83,16388.94,12176.8,335.0,1360440.46,1422461.73,1465162.23,1509152.96,1554473.11,1601163.12,1649264.63,1465162.23,4528788.3,7779216.05,21.19,74.83
39049010000,21.0,12888.71,196.09685230024215,15037.57,21.0,7858.31,39500.16,608.0,0.0,75284.75,77083.01,78938.1,80852.15,82827.35,84865.99,77083.01,236873.26,404566.6,0.0,57.66
39049010100,10.0,6454.03,54.563131313131315,4622.88,8.21,2962.48,3021.22,85.0,0.0,17060.61,17604.85,18168.64,18752.73,19357.91,19984.98,17604.85,54526.22,93869.11,6.59,44.3
39049010201,100.0,38305.51,417.95896656534956,38445.23,99.87,37362.14,26766.4,351.0,0.0,140879.28,145205.26,149683.22,154318.94,159118.42,164087.91,145205.26,449207.42,772413.75,0.0,50.88
39049010202,0.0,0.0,504.5860465116279,45481.5,0.0,0.0,61135.95,162.0,0.0,106617.45,109397.75,112278.95,115265.31,118361.26,121571.43,109397.75,336942.01,576874.7,0.0,33.19
39049010203,161.0,100433.6,392.7116212338594,35701.83,160.39,59973.13,25599.44,272.0,0.0,221708.0,228636.28,235801.06,243210.87,250874.58,258801.39,228636.28,707648.21,1217324.18,0.0,48.99
39049010204,291.0,140903.39,381.1575450806706,32018.68,286.93,107070.0,39463.05,307.0,251767.82,571222.94,588298.74,605911.18,624077.75,642816.54,662146.26,588298.74,1818287.67,3123250.47,4.97,46.96
39049010300,59.0,42590.16,161.77881257275902,14385.72,58.32,21773.44,25004.45,129.0,0.0,103753.77,106736.17,109817.09,113000.04,116288.67,119686.78,106736.17,329553.3,565528.75,0.0,52.03
39049010401,0.0,0.0,58.38909541511772,4192.26,0.0,0.0,25963.31,19.0,0.0,30155.57,30655.78,31168.22,31693.32,32231.51,32783.27,30655.78,93517.32,158532.1,2.94,11.31
39049010402,29.0,68320.05,395.9946836788942,34543.27,29.0,10851.95,42116.9,131.0,0.0,155832.17,160554.52,165443.36,170505.01,175746.04,181173.27,160554.52,496502.89,853422.2,0.0,22.72
39049010501,24.0,33642.71,105.58477895914942,7498.74,24.0,8980.92,32717.99,82.0,0.0,82840.36,84972.44,87171.24,89439.08,91778.37,94191.62,84972.44,261582.76,447552.75,0.0,25.04
39049010502,257.0,589605.67,587.1180040458529,68617.91,257.0,96170.68,26564.87,261.0,0.0,780959.13,807406.18,834778.38,863108.81,892431.76,922782.75,807406.18,2505293.37,4320507.88,0.0,33.37
39049010601,0.0,0.0,48.204081632653065,3215.53,0.0,0.0,52485.28,110.0,0.0,55700.81,56475.33,57263.92,58066.97,58884.86,59718.02,56475.33,171806.22,290409.1,0.0,27.41
39049010602,16.0,14014.82,586.2579185520362,56491.15,15.79,5892.86,52121.72,223.0,0.0,128520.55,132325.95,136274.11,140370.94,144622.65,149035.68,132325.95,408971.0,702629.33,0.0,37.2
39049010700,40.0,21519.43,93.72680412371135,8488.68,38.98,14512.12,5855.8,196.0,4785.03,55161.06,56872.85,58642.42,60471.82,62363.19,64318.75,56872.85,175987.09,302669.03,0.0,65.16
39049010900,37.0,24038.26,88.70242214532873,6607.77,37.0,13845.58,23146.59,313.0,0.0,67638.2,69400.79,71218.19,73092.29,75025.06,77018.52,69400.79,213711.27,365754.85,0.0,48.37
39049980000,0.0,0.0,0.0,0.0,0.0,0.0,0.0,0.0,0.0,0.0,0.0,0.0,0.0,0.0,0.0,0.0,0.0,0.0,0.0,30.03
