GEOID,no_vehicle_dependency_component,disability_dependency_component,elderly_dependency_component,single_parent_dependency_component,transit_dependency_score,transit_dependency_weight
39049000110,0.04604100155668716,0.4141746861400097,0.5593112244897959,0.1152566225165563,0.221986518238471,1.222
39049000120,0.03785443705272586,0.3233923207273764,0.6228347085625382,0.06713114754098361,0.19991361974668612,1.1999
39049000210,0.15464255165026547,0.21950026901164885,0.5000067074479502,0.060725338491295945,0.21326988304436706,1.2133
39049000220,0.022647809551527353,0.19621268012688126,0.6165587335098243,0.06670039486673247,0.15953092432063087,1.1595
39049000310,0.10725295022441879,0.46036034907731094,0.35755055446836265,0.356368670886076,0.2579860126403991,1.258
39049000320,0.22508258889906213,0.4119237604208874,0.3038825936047242,0.0794836956521739,0.26905299316067893,1.2691
39049000330,0.06564569061881968,0.25194293938184764,0.19876845089126102,0.17676258992805757,0.14330010678136668,1.1433
39049000410,0.12566303822367433,0.24790647907823157,0.2165600956539821,0.10794351464435147,0.1680865046939275,1.1681
39049000420,0.08082916111918273,0.23120462896468838,0.5183744533720701,0.06634212198221093,0.18260611800479504,1.1826
39049000500,0.13568402968053436,0.3598335869127516,0.2000255281395427,0.10370701672862453,0.19817494246224893,1.1982
39049000600,0.23901748378387275,0.2868146980723914,0.10492613399916771,0.09814462809917356,0.21676579931982673,1.2168
39049000710,0.2211571669976441,0.2893121276518819,0.350328270843221,0.2836706656346749,0.26382292260174317,1.2638
39049000720,0.534037036212691,0.5011735752566063,0.21451772066851432,0.48232541899441345,0.4727221119202156,1.4727
39049000730,0.716040149118646,0.4143503751085043,0.27868255861843694,0.33651387874360844,0.5370614400035755,1.5371
39049000810,0.20374030868812665,0.40512082699888446,0.2554162138576039,0.22808483290488432,0.26427127646291343,1.2643
39049000820,0.1505794428366332,0.49646343947114424,0.3560862166944347,0.14652786573780874,0.2674713003640487,1.2675
39049000910,0.5185516756503398,0.46028711675478784,0.2934271560301578,0.6038117647058824,0.4787428668889788,1.4787
39049000920,0.261402390438247,0.27957311269423984,0.19969522875359066,0.43407,0.273955757705722,1.274
39049001000,0.19351460138826138,0.3113923209142503,0.07120483032863291,0.10855670103092784,0.196141775575081,1.1961
39049001110,0.47642789564830246,0.22699732633895786,0.008489446931936583,0.0,0.29623669644868117,1.2962
39049001121,0.19553037848605576,0.28964260705443234,0.0,0.0959765625,0.17977349725663597,1.1798
39049001122,0.17347622741547986,0.23627836866306376,0.12651087220602525,0.054187145557655955,0.17020305126017524,1.1702
39049001200,0.3500151642564689,0.31291564820286455,0.029855522420578182,0.0,0.25771482254203726,1.2577
39049001301,0.13751587058359965,0.3812773595001454,0.1482402107184337,0.061875,0.19250080677460124,1.1925
39049001302,0.4541632465114417,0.3809152479675666,0.0,0.0,0.3223104352476125,1.3223
39049001400,0.2626101433681333,0.510517557197074,0.2097824278226142,0.8406706204379563,0.37446888720052296,1.3745
39049001500,0.30242031872509956,0.2811158721889896,0.3893406233936165,0.591215625,0.33901178341883964,1.339
39049001600,0.4164907191510456,0.48415280072210776,0.02639340315396653,0.36798387096774193,0.3700409573259189,1.37
39049001700,0.41917623623154443,0.186085733895135,0.10736381334575465,0.059105392156862745,0.27812466280710546,1.2781
39049001810,0.49336834270782687,0.28167859755210717,0.02673519656618866,0.022500000000000003,0.3233641002268685,1.3234
39049001820,0.26992706375401326,0.21040652320467412,0.1316608723135272,0.10938487584650114,0.21825278110985435,1.2183
39049001901,0.2205403910997892,0.38034285244169475,0.2928846456074179,0.02029739776951673,0.25131834527838265,1.2513
39049001902,0.1894034362726462,0.17398996219665963,0.19531503077421444,0.053747782901738206,0.172871241591794,1.1729
39049002000,0.09844886189507703,0.10981785153914389,0.24930961663417803,0.03460227272727273,0.11753556360017846,1.1175
39049002100,0.08292372677962846,0.23319127684023258,0.14873429020279919,0.05673795180722891,0.12774362131101516,1.1277
39049002200,0.10436984339539257,0.1440058411364243,0.11033922280708913,0.0,0.10473726540286574,1.1047
39049002300,0.21485415123425894,0.5277643637974485,0.19735724428216442,0.25979585427135676,0.29495133863595197,1.295
39049002510,0.3190262821393471,0.4116001495253623,0.3485209758794664,0.3711206896551724,0.35180339379845127,1.3518
39049002520,0.19481414999343286,0.5320928347035493,0.44720326351298345,0.17517857142857143,0.3150286303424084,1.315
39049002600,0.3873033365429634,0.5416473782610285,0.29495563187742124,0.35865299334811535,0.40917215695316356,1.4092
39049002710,0.28865498007968127,0.30199162222915854,0.2864902902592707,0.39148200000000005,0.3019471391360209,1.3019
39049002730,0.40418195515211025,0.47783067063685697,0.37161762346050464,0.42375352775164626,0.4196666415295097,1.4197
39049002740,0.06782625595180256,0.5152769093399575,0.7446979496023761,0.06473577235772358,0.2809106249870194,1.2809
39049002750,0.29620011628315335,0.4486562777773329,0.17285556606748662,0.7159231145935357,0.35778477395538644,1.3578
39049002760,0.36381933406271283,0.5599327091332191,0.3028053517479499,0.11669689119170985,0.37898333619602464,1.379
39049002770,0.36398517279916737,0.3899689720450113,0.323134884378603,0.43186027837259106,0.3711410899048861,1.3711
39049002780,0.28538685190391616,0.3980738627190627,0.936757400507887,0.061671686746987954,0.38889267038260555,1.3889
39049002800,0.47316406017720164,0.49935735823725047,0.3624903125807285,0.3376847014925373,0.4495633866842764,1.4496
39049002900,1.0,0.4414730523406461,0.25635097789115646,0.5768982808022922,0.7065107378490643,1.7065
39049003000,0.36815517482784516,0.46721608287153493,0.16400480646804175,0.015536142172523961,0.327035943319265,1.327
39049003200,0.09429236766604196,0.263387332248072,0.5089178971229835,0.0,0.18933070146348652,1.1893
39049003600,0.4666216489972314,0.3885877601694207,0.4422592032274331,0.10237500000000001,0.40703414502508584,1.407
39049003700,0.2735699800077667,0.3164991006985438,0.19199989449250898,0.17124097472924188,0.26183384682531985,1.2618
39049003800,0.12316236220618691,0.4240431016272818,0.1963042180660565,0.10022727272727273,0.20706031649254963,1.2071
39049004001,0.4334540100467694,0.4236610724545897,0.1611403211216644,0.0,0.3468133213052818,1.3468
39049004002,0.6018441496529146,0.34793724761013894,0.32549538830862534,0.018333333333333333,0.4385640283086192,1.4386
39049004200,0.1780439218734817,0.400804136125915,0.15843315206741132,0.1217263719512195,0.22516060497345325,1.2252
39049004301,0.026575654568271254,0.24822475515110057,0.3700268370960602,0.0,0.1308480416363198,1.1308
39049004302,0.29302624213888245,0.3256247480854494,0.06863177107412544,0.4089359504132231,0.27910766879324467,1.2791
39049004500,0.16987698921826816,0.49465967273511996,0.2659562977733466,0.07326271186440678,0.2558231286453567,1.2558
39049004610,0.11202959590210586,0.48894882795811545,0.44883174885397387,0.19305000000000003,0.2648817672686779,1.2649
39049004620,0.28776168909268585,0.4314834583841379,0.2479067045228133,0.48531544811320754,0.33746925963212016,1.3375
39049004700,0.3007858401147538,0.3804242985993159,0.14925059010239183,0.3065610916374562,0.29854269238631026,1.2985
39049004810,0.20981037486881118,0.6881817349706374,0.35356194270536895,0.15884271099744246,0.34586918368261454,1.3459
39049004820,0.13427908304476796,0.6713302485899613,0.19765748068856875,0.3210514018691589,0.29672586596007555,1.2967
39049004900,0.34915724457468433,0.6488449264960863,0.2366653018685327,0.3947317453250223,0.41176282372414585,1.4118
39049005001,0.33421936291812715,0.8606345380348199,0.43022359164172835,0.3028659476117104,0.4770884494751988,1.4771
39049005002,0.6364090465930838,0.8618808577226975,0.3652206627331784,0.26970090634441085,0.6154279277716341,1.6154
39049005100,0.6259705607452236,1.0,0.4704604615168144,0.5232798165137614,0.6858823312515101,1.6859
39049005200,0.1124370899113599,0.1076840466765018,0.32626488095238093,0.03281568722680913,0.13536085749034343,1.1354
39049005300,0.3232317483313499,0.51262973926032,0.11604827184671572,0.2694545454545455,0.3341260043032168,1.3341
39049005410,0.5445442564343386,0.3342503342190511,0.3445246894956504,0.5086311787072243,0.45837653306700205,1.4584
39049005420,0.352123971645884,0.5099595698904766,0.29056987478292656,0.5211818181818182,0.399255541331182,1.3993
39049005500,0.3320852512280973,0.6778708436360892,0.2895792615892017,0.44826334951456315,0.4237735607129075,1.4238
39049005610,0.07211049419343901,0.1814167661561624,0.04959060888446576,0.07895944148936171,0.09674397411736614,1.0967
39049005620,0.2821655666831256,0.5115304888581793,0.22326415133954813,0.28475165562913907,0.3309301938199537,1.3309
39049005700,0.05534694481692866,0.1253852511409948,0.42859763693097025,0.0,0.12330943073335857,1.1233
39049005810,0.04147234027328786,0.15167158864838354,0.2506009110315499,0.03546023091725465,0.09979022704519777,1.0998
39049005820,0.21158842889312315,0.6091617913010585,0.17087334714202024,0.16757033248081843,0.3004726975912111,1.3005
39049005900,0.4617610068201769,0.5988565147597407,0.26399426677145676,0.46849576271186444,0.4670433483869286,1.467
39049006000,0.21730518469722468,0.3608578896108479,0.24755506531406335,0.3733267270668177,0.27333299725511556,1.2733
39049006100,0.35821665387273915,0.6321659374800968,0.28198517969279213,0.25705318221447254,0.40515290648175983,1.4052
39049006236,0.0,0.10762176232411894,0.3722184157435956,0.05856084243369735,0.08859428718593881,1.0886
39049006237,0.25838830193837103,0.2500467565750855,0.3303074222867485,0.1593511753494282,0.257187070990912,1.2572
39049006238,0.06471013321416005,0.20755625591080082,0.44798548915969266,0.29075477326968974,0.18051743128570308,1.1805
39049006239,0.0,0.16440848203916017,0.2856928171927388,0.12086185819070905,0.09604222890777177,1.096
39049006240,0.04844732567985896,0.19744312953055515,0.2708566961151682,0.05707317073170732,0.11992026671301423,1.1199
39049006241,0.11996684576435293,0.19576728795494586,0.35648702924974024,0.10655565239043825,0.17305386449741778,1.1731
39049006301,0.07110195581311118,0.24734669837629453,0.5846281409242663,0.1613181818181818,0.20121369182108734,1.2012
39049006302,0.06606614477761467,0.2605745054354486,0.3202893336821908,0.4649780701754386,0.19271790581754197,1.1927
39049006310,0.0,0.2244102979332129,0.5574420721890995,0.03885962041884817,0.14360484735355297,1.1436
39049006321,0.05361250921080568,0.22194091568700158,0.5216594373905914,0.17201567398119122,0.17774196653386107,1.1777
39049006323,0.0315610194782032,0.17923219763285494,0.6202972270137473,0.08778688524590164,0.1624118317239676,1.1624
39049006330,0.015697371077656258,0.1359057607312979,0.4048624865890897,0.07910561966884094,0.11046506067690015,1.1105
39049006340,0.18851899848093304,0.19924608323141854,0.53125,0.06516549968173138,0.23027507001649428,1.2303
39049006351,0.07459725039089111,0.46055939295630427,0.5985262316925822,0.08326433121019108,0.2505438413094281,1.2505
39049006352,0.10312533920825276,0.24902234253050456,0.09343039772727273,0.0,0.12783281489584342,1.1278
39049006353,0.21828333397979707,0.3493378948299761,0.29967458428939686,0.10251738525730181,0.25167906686653224,1.2517
39049006372,0.08262024366302904,0.20132206320573087,0.28945040727685584,0.27695652173913043,0.16275385089838865,1.1628
39049006384,0.12483141665750523,0.29589552759124205,0.31261228132109514,0.15676544889234356,0.19895797731396178,1.199
39049006386,0.2879214187114175,0.24916152725924867,0.3775854326348741,0.14132692961577695,0.27702159902732976,1.277
39049006387,0.18450864795327027,0.33909800163315607,0.44517894530980373,0.19297635250085063,0.26310330143147975,1.2631
39049006391,0.009437363667501938,0.13582927667245234,0.3457685380425233,0.06948529411764706,0.09748981112000725,1.0975
39049006392,0.0,0.30482383776997646,0.5695872837323906,0.08780453697949037,0.17042450570030174,1.1704
39049006393,0.12724697017459238,0.320169998121352,0.4205035710014181,0.12979861773117254,0.21972138204096417,1.2197
39049006394,0.021673497855102374,0.20543997566499883,0.40222136114467855,0.0900179856115108,0.13153174557665376,1.1315
39049006395,0.022680907575372267,0.24947820389352277,0.21991984760923178,0.04743617021276596,0.1114415989237282,1.1114
39049006396,0.17680486340025398,0.3481506363769153,0.5597244577550267,0.15629171461449942,0.27502793091905975,1.275
39049006397,0.07499524988614807,0.37998513303308323,0.19567905956752346,0.3681160105980318,0.19865736819627655,1.1987
39049006398,0.1239163715508337,0.17162116235794023,0.40283173595224947,0.1864236111111111,0.18393059786885044,1.1839
39049006410,0.0,0.10532833950341895,0.30596304360839244,0.06062817258883249,0.07828935867599685,1.0783
39049006430,0.1418534830613475,0.21563681685536787,0.3919494076564685,0.14329472646623953,0.19795782953960997,1.198
39049006500,0.02914738561282819,0.11333023220095842,0.322018851788503,0.050869565217391305,0.09629603514666826,1.0963
39049006600,0.054570486401553965,0.2265110077079382,0.5192631698864386,0.04965220165922144,0.1667676907766495,1.1668
39049006710,0.094138620614817,0.2531065620545669,0.5941955004455005,0.07488910505836577,0.20696418639371186,1.207
39049006721,0.02594101207111851,0.13039999666758706,0.5465579009655043,0.014006529850746269,0.1289548433323563,1.129
39049006722,0.046810265173719084,0.21758692615249242,0.6469979734857659,0.22125935162094765,0.1969774953099423,1.197
39049006810,0.021341610302974146,0.20623096291307608,0.47391006442133815,0.23998604651162792,0.1573136601941196,1.1573
39049006821,0.4213755443342907,0.45743347903945697,0.52188276012918,0.1021765988372093,0.41354621583010753,1.4135
39049006822,0.02535753641967086,0.2512070519541158,0.6239181316090793,0.07468085106382978,0.17653633604610924,1.1765
39049006910,0.023027762765970818,0.1474411409061811,0.39860415319974146,0.09365536277602524,0.11753032586709443,1.1175
39049006921,0.1422341227822934,0.370759756128559,0.3190145502645502,0.20488049713193118,0.2321472326761621,1.2321
39049006923,0.2261890561506469,0.5003056818926394,0.3565097669161708,0.3187724550898204,0.323524659094891,1.3235
39049006924,0.20039327392523304,0.29768111583297113,0.29982384776738635,0.18134057971014494,0.23772455105698176,1.2377
39049006931,0.1113587917517915,0.27863434398727627,0.24506607612076362,0.5337013348164628,0.21546802677247567,1.2155
39049006932,0.06522775200994302,0.3840568393592037,0.2821653910983554,0.27694878811571544,0.19864777332109726,1.1986
39049006933,0.4576008383023314,0.2837691978185107,0.1915131188608346,0.2669859813084112,0.3551682845657597,1.3552
39049006943,0.033657146531002484,0.4814556891336621,0.3858484716113354,0.40715512753774075,0.23578527904439114,1.2358
39049006944,0.03295381166465636,0.5024247105224839,0.6530991596027591,0.028176605504587157,0.24286561795382175,1.2429
39049006945,0.29040798829996467,0.3143444404631476,0.1701443956461036,0.25512757120253166,0.27482452073293795,1.2748
39049006950,0.015813745859023887,0.2602175622530548,1.0,0.029323925863521484,0.22589365607912779,1.2259
39049006991,0.05720398712336611,0.1835764308746473,0.5668261246980676,0.03706390565002743,0.16322641055005777,1.1632
39049006992,0.1853219651514424,0.2609202028439395,0.11001955287929124,0.46253765060240964,0.22064773127884074,1.2206
39049007010,0.09398109468538325,0.3971489172512028,0.26406825025092007,0.10113301559792028,0.19600131575292237,1.196
39049007020,0.09426280642554338,0.17196131327572836,0.4827530214213345,0.1158549822064057,0.17412018296554452,1.1741
39049007041,0.08749587017782529,0.261002836714647,0.4850559529179285,0.10986585365853659,0.19274362257111732,1.1927
39049007043,0.10316754372882801,0.3281089440334095,0.1757597906302313,0.22445855614973262,0.18242083208227433,1.1824
39049007044,0.04237389285831879,0.2240805636566101,0.30784170428661883,0.09095299586776859,0.1324786425730816,1.1325
39049007047,0.053784860557768925,0.34178741319110817,0.24059043544067993,0.26283094555873926,0.17471094344863744,1.1747
39049007048,0.013158721580554752,0.35324558287187474,0.1974298268835836,0.2048422712933754,0.14498945767012114,1.145
39049007101,0.04245143320523217,0.20276628399430396,0.4301896417831532,0.33339823008849556,0.1697855568775146,1.1698
39049007102,0.1688170057078529,0.533004454384948,0.9242676370884436,0.10094370860927152,0.3663941328743571,1.3664
39049007103,0.029392705162906797,0.16453351806572364,0.3094471035837015,0.18395038167938932,0.12064183580337846,1.1206
39049007112,0.11071126453091741,0.3534345970449181,0.34178774084928604,0.31729238013698635,0.22671168066777977,1.2267
39049007113,0.03210406780521227,0.15702718305602142,0.20605075691855604,0.25430732484076435,0.11164717568847132,1.1116
39049007114,0.16276955669385948,0.19670872017893934,0.2697869831051162,0.26180555555555557,0.19721056141298757,1.1972
39049007115,0.22995492694806505,0.4517168920969378,0.39275814602504144,0.12698317794892583,0.2995187261969158,1.2995
39049007120,0.02144022425432479,0.3555726417793629,0.25113219849157675,0.2139877213021131,0.15868187447595095,1.1587
39049007193,0.11254812117466054,0.34093554770137446,0.5608754883246027,0.1018570826306914,0.2358249790244334,1.2358
39049007198,0.0,0.3786772234520004,0.32100773555064904,0.3531372132540357,0.17813418752100102,1.1781
39049007199,0.07946689179112428,0.25943750577478536,0.22508176678153566,0.2785202205882353,0.16620710941531236,1.1662
39049007202,0.05678477242476492,0.20210592171251143,0.1617736695364084,0.30079551900170165,0.13326446897114175,1.1333
39049007205,0.04005131665941565,0.32371785303184064,0.5224563064662484,0.09096087704213242,0.1884196552618185,1.1884
39049007209,0.03069226377262063,0.2133906483296533,0.31783840270366415,0.13257527733755944,0.1296270821080292,1.1296
39049007211,0.07357610594339703,0.1582175698096229,0.2541831049280177,0.14446004319654426,0.12891591548296133,1.1289
39049007212,0.09342124217646414,0.21444210808239478,0.30114821348180404,0.09392201834862386,0.15488558196596375,1.1549
39049007213,0.04387478306374297,0.24585647294889962,0.42483045534849256,0.06828501795792714,0.153954579867163,1.154
39049007214,0.173804780876494,0.5884894480563493,0.49524960628870385,0.1318465909090909,0.321496852486549,1.3215
39049007215,0.09387995463401867,0.23266632667588125,0.49518353913845714,0.041722171532846714,0.18355630701003287,1.1836
39049007301,0.11381125245212044,0.21270026093833205,0.19461591410707826,0.13771256345177665,0.15304433492188263,1.153
39049007302,0.0,0.33052739280066973,0.22098250282212545,0.13228784956605594,0.12900800858009184,1.129
39049007303,0.09328818909664854,0.3134065970810077,0.4671854201554382,0.24285443290734826,0.21935900013262677,1.2194
39049007305,0.15757897632224036,0.49757509377451165,0.6029656759661667,0.18403495440729484,0.31203160844040256,1.312
39049007306,0.0,0.17155214634891763,0.5289143706859424,0.04192371202113607,0.12641756339223437,1.1264
39049007394,0.04049820136928015,0.19857643756264426,0.41384630917263654,0.05395631067961165,0.1373657875191578,1.1374
39049007397,0.059465891648981264,0.2809250119860852,0.1945381426559761,0.3146714186369959,0.16061206208310794,1.1606
39049007398,0.0037824761888246793,0.20103846713587892,0.28126401931578177,0.12328073993471166,0.1066685317692205,1.1067
39049007424,0.11453309971925862,0.2930826115210292,0.33345602526724977,0.23337909552376557,0.20389351608235062,1.2039
39049007425,0.022752625860195583,0.4026554963055447,0.5197590641462658,0.18055227272727273,0.20805927390115111,1.2081
39049007426,0.14117476454335914,0.17097100123097705,0.3674154064779065,0.26149425287356326,0.19459186883846616,1.1946
39049007427,0.1130159166290503,0.26707048293857427,0.3744513402823237,0.12355603448275863,0.19179888353979313,1.1918
39049007492,0.20583203039806847,0.2921182807518962,0.4737417654808959,0.19733037779491133,0.2667398879886338,1.2667
39049007494,0.01975588848934438,0.14076685057709473,0.2356752371730585,0.25766914749661707,0.10618785721456635,1.1062
39049007511,0.1333193768803443,0.5065877147634694,0.4687269392716065,0.6166901408450703,0.3252846721062875,1.3253
39049007512,0.2694743151288651,0.5037079836312626,0.41591959122479577,0.5000973451327434,0.37306182666924187,1.3731
39049007520,0.18136151047981983,0.42231633235811167,0.23329230273903756,0.6160304347826087,0.2928567272185543,1.2929
39049007531,0.17266507739533668,0.2245858687438832,0.2768612056659712,0.38432581967213114,0.22244076870074794,1.2224
39049007532,0.1172307414636755,0.200019901877712,0.04881768792304952,0.3933536073825503,0.15527836012797822,1.1553
39049007533,0.06646252622287784,0.5479108900054205,0.2573554879926108,0.3852655538694993,0.2473388641986356,1.2473
39049007534,0.2601528683282462,0.30153376185324254,0.2104731438688464,0.28151311126860384,0.2651821573346211,1.2652
39049007550,0.14421139986295098,0.42867185962149545,0.44161771550548096,0.08317415730337079,0.25383373789300856,1.2538
39049007552,0.14683027888446215,0.19893682077637806,0.15078268533690847,0.550368,0.20080354743686185,1.2008
39049007553,0.2708987505212441,0.24601892387214683,0.13061627017670974,0.3330737704918033,0.24985392380434557,1.2499
39049007710,0.2940080873284766,0.5773657997152268,0.44188264545281264,0.3875877445339471,0.3963866648643616,1.3964
39049007721,0.21351018340431377,0.13529572970683207,0.09356695872368655,0.38169989224137935,0.19278405716155583,1.1928
39049007722,0.1256893330632273,0.33535434299479006,0.36492926114664204,0.3071892655367232,0.2321415680059798,1.2321
39049007730,0.1683775181073118,0.3558691814245833,0.2648644790019329,0.23547029702970296,0.23643275596306196,1.2364
39049007740,0.27906683126648335,0.6515901980276966,0.8810928182525278,0.04806338028169014,0.439401225906214,1.4394
39049007811,0.09614345133869968,0.3264610541361228,0.4640934865217907,0.09545704557359874,0.208846716739009,1.2088
39049007812,0.22230474260323754,0.3349140002888606,0.49431157021477223,0.11520699908508693,0.28054830681455845,1.2805
39049007820,0.3935599679988422,0.19015931426109875,0.0715270043760476,0.18594853683148335,0.27364371690425127,1.2736
39049007830,0.14217846809220444,0.13635856345434605,0.13657599667774087,0.018683574879227054,0.12753363189927258,1.1275
39049007922,0.07913275523001906,0.30038811686139893,0.2891758033000434,0.14690927873779114,0.1727307051991449,1.1727
39049007931,0.03459621230716943,0.28435560050053027,0.2531133326783258,0.1115936018957346,0.13751336637003964,1.1375
39049007941,0.0,0.19303753347699082,0.2880409582689335,0.0735798203178991,0.09882350914137764,1.0988
39049007955,0.026837502929458634,0.5464687775670647,0.2739071917984648,0.3161580882352941,0.22273783344979461,1.2227
39049007956,0.029680947801568762,0.37010253929866993,0.2578797619047619,0.2431896551724138,0.17036703852840754,1.1704
39049007957,0.0634076073555939,0.47668518415097455,0.46052956730175204,0.3305048859934853,0.25300502341015196,1.253
39049007958,0.11852075094456123,0.20064431794518223,0.5582859554820481,0.042309963099631,0.19739534459084646,1.1974
39049007959,0.0,0.39185165750268075,0.2597807165318958,0.09507078142695356,0.1464370999981499,1.1464
39049007960,0.012998431204361024,0.26018971147991155,0.20652361855212492,0.2865339943342776,0.1311785856884049,1.1312
39049007961,0.01572711474288461,0.10373968640283077,0.25554941721911695,0.09501160092807424,0.08163205164782496,1.0816
39049007962,0.03978093077282152,0.17937823369944156,0.21066189565058932,0.26872275204359675,0.12320658336321921,1.1232
39049007963,0.0,0.13447301373336507,0.3130527101219647,0.13703216374269006,0.09427937632590498,1.0943
39049007964,0.05504021913752449,0.18207209792041962,0.23829902859860064,0.12031403940886701,0.12081439227954394,1.1208
39049007965,0.15287540935733504,0.231930392160041,0.22742324141452827,0.1393586387434555,0.18246965280520258,1.1825
39049007966,0.025773332525411658,0.179900577724036,0.10762913257090276,0.19852186311787073,0.09385836689113732,1.0939
39049008001,0.0,0.2351209722147337,0.34396343030253845,0.04859572784810127,0.11523433038387432,1.1152
39049008002,0.018761535566877912,0.2052446018795954,0.20828148623877762,0.24250749625187407,0.11618489081434186,1.1162
39049008110,0.22102106795301232,0.47942606487126427,0.3950832425020217,0.14864754098360655,0.3044942906679861,1.3045
39049008120,0.26356469672566984,0.6464818674421745,0.3633747824914835,0.1438926499032882,0.3622982975874299,1.3623
39049008132,0.11939986955425702,0.4081411125676286,0.28206518515222967,0.1576581854703716,0.21981080923890725,1.2198
39049008163,0.15247971876005198,0.5886883945576503,0.23411797304786233,0.2694421487603306,0.28547386885265097,1.2855
39049008164,0.10844542000066959,0.41214394678989574,0.2782885548194704,0.22045036764705883,0.2210470166854352,1.221
39049008165,0.027901770843049206,0.45008673850781356,0.488039880661026,0.21913043478260869,0.22159159562589278,1.2216
39049008166,0.028391147452076507,0.23522040650935322,0.298667870493569,0.1382866492146597,0.13162952084887788,1.1316
39049008167,0.01373272342727854,0.18616515784376683,0.24695933645838075,0.273,0.1177515516433381,1.1178
39049008168,0.07594071050000259,0.37179129109238845,0.3042556472130136,0.08786410923276983,0.18534293602832744,1.1853
39049008169,0.11196013492044093,0.6062307057008407,0.3458333333333333,0.1936541411042945,0.2787781579958601,1.2788
39049008170,0.07127640856133824,0.38092948624769607,0.3215583572178664,0.18731072555205047,0.19783540198047814,1.1978
39049008171,0.036100155491935106,0.07705862802916198,0.3411471386800334,0.21949748743718595,0.11043655429898165,1.1104
39049008172,0.15019707267187934,0.2584799223616357,0.199823295603361,0.0912433155080214,0.17881634281765488,1.1788
39049008210,0.2550058216438421,0.4440146141157988,0.3709529432210841,0.2544110337972167,0.31959060921375504,1.3196
39049008230,0.23428629803131795,0.17180620219607257,0.07594764449722882,1.0,0.27148684623926145,1.2715
39049008241,0.08093092464418801,0.3692902876482678,0.21722596512495337,0.5048403395311237,0.21585596295601636,1.2159
39049008242,0.03605420482669098,0.22979415584496338,0.40668464420392775,0.3108568207440812,0.16756402007958363,1.1676
39049008311,0.4870552472192156,0.3597093629793199,0.24537029473271468,0.5692760115606936,0.4271881097204144,1.4272
39049008312,0.4311075286482934,0.624177851969957,0.2730744018354638,0.5783659793814433,0.4703959855300998,1.4704
39049008321,0.16620919919294544,0.41297415642942564,0.3372267431713064,0.3526542416452442,0.2721975743440495,1.2722
39049008322,0.05493557106722972,0.41878778718258763,0.2808715062111801,0.3514782016348774,0.20944327842442653,1.2094
39049008330,0.15865996594534723,0.4892231442312812,0.34063315175694336,0.637188796680498,0.3164496214620852,1.3164
39049008340,0.29300580723932956,0.5571573080859725,0.4214200915823393,0.20632780082987554,0.36963802446149635,1.3696
39049008350,0.12927077631964154,0.31056633455689564,0.2449980647738907,0.27866932907348246,0.20689361442247656,1.2069
39049008360,0.020548348478009144,0.22332233769142554,0.3740762644448166,0.2101293103448276,0.1432291293630662,1.1432
39049008380,0.1567564138351054,0.37836927739427245,0.21786904543508834,0.3103853503184713,0.2366894181132312,1.2367
39049008381,0.0,0.5161977378441116,0.44295815954118867,0.1383445945945946,0.20932761785166568,1.2093
39049008382,0.027253017139742337,0.19252351002977428,0.1909246193006743,0.10544388931591084,0.10094046790400697,1.1009
39049008400,0.013177616930325795,0.19271674167695815,0.4022194115015897,0.023520964962665137,0.1174530021059074,1.1175
39049008500,0.0,0.1328114551854045,0.24295215343259938,0.08257226980728052,0.07790291379196908,1.0779
39049008710,0.2518116510336606,0.5062495966722419,0.7672790901137357,0.2651181102362205,0.3940718992255732,1.3941
39049008720,0.30628534811801744,0.6690097168360125,0.3725635074913053,0.24471074380165292,0.40075070377187294,1.4008
39049008730,0.48949101552971785,0.4983683008407759,0.22895781119465328,0.45441964285714287,0.4491232189399652,1.4491
39049008811,0.11943010082574729,0.9383938623191427,0.43405205519360135,0.142981843575419,0.37371950862924136,1.3737
39049008812,0.1649051384822157,0.6052034265468377,0.47990177746491264,0.18193147590361444,0.3239318400879156,1.3239
39049008813,0.06603063727622262,0.41343000368484123,0.486335854717222,0.3598771834061135,0.24531091610751626,1.2453
39049008821,0.0,0.7399956165697411,0.5175758917044743,0.36623493975903615,0.29925878187401,1.2993
39049008822,0.42966332096506676,0.6893049901142172,0.5013024502207195,0.3042690450643777,0.49278018005063334,1.4928
39049008825,0.14523308265395884,0.6140969074892849,0.38188764691627286,0.3329781842221243,0.316721733658954,1.3167
39049008900,0.08674524325843101,0.291445271679714,0.31254017944489476,0.24066455696202532,0.18718142216208075,1.1872
39049009000,0.06448587276336351,0.1624986667308312,0.4023319826891255,0.15012588339222613,0.148229988806981,1.1482
39049009100,0.15370632508909834,0.2273861154958878,0.34456273881424876,0.10550329538645896,0.19593443177930434,1.1959
39049009220,0.2856220438443271,0.48627306661058833,0.33354262309838867,0.7746206896551725,0.39187275100508623,1.3919
39049009230,0.41969730918155146,0.38930760950621146,0.28835266002662435,0.4039224516695958,0.3908207011382818,1.3908
39049009240,0.2000999691271813,0.3533331580884286,0.3404503105590062,0.42813653136531366,0.2822644738060801,1.2823
39049009250,0.13575284660175863,0.5900124680230534,0.3861966812786485,0.21080769230769233,0.29438981172920914,1.2944
39049009251,0.19252221881703954,0.5521281467040665,0.35511823777129903,0.5670000000000001,0.3442608817502313,1.3443
39049009252,0.4156016520714209,0.42730568026974797,0.3380932150050352,0.2528086797066015,0.3906220963245629,1.3906
39049009311,0.1464842969260083,0.7594888624769937,0.6106108429261047,0.09415760869565216,0.3641217513907335,1.3641
39049009312,0.1632956545909386,0.4008917677386274,0.2733285621941084,0.31268023255813954,0.25413807681505635,1.2541
39049009321,0.08192072474433476,0.7506337135614702,0.40938178978815865,0.3651592356687898,0.32654198279763774,1.3265
39049009322,0.15207918326693226,0.3841967190994909,0.5209035867565911,0.33840625,0.2840649344218275,1.2841
39049009323,0.3867024303999806,0.45172676123201916,0.27605663662963825,0.39705319148936175,0.387396720151377,1.3874
39049009325,0.5348862921519663,0.6880529794330157,0.48444991623822997,0.42419497607655504,0.554543375977627,1.5545
39049009326,0.3560364602197271,0.34946953416858373,0.2594136217840881,0.3991590909090909,0.3442135660105318,1.3442
39049009332,0.15113459206651655,0.3330232846556909,0.5087685372879548,0.5415489130434783,0.2892932890947221,1.2893
39049009334,0.14401370958084803,0.4644195065055732,0.44183554722979107,0.2711149471974005,0.28149855822102604,1.2815
39049009336,0.009567235644577652,0.50863844369149,0.3573926257782265,0.1753211009174312,0.20308423270363846,1.2031
39049009337,0.13129138123763937,0.44019085314720346,0.30343806302905857,0.5204676258992805,0.2732558759499074,1.2733
39049009340,0.36575785212563394,0.5607360866442834,0.26581478879622916,0.1164909638554217,0.3745842624288644,1.3746
39049009350,0.3976545181143131,0.4641254961858733,0.31874518813373304,0.2581284046692607,0.3884832517906109,1.3885
39049009361,0.22364191742792447,0.59284976460561,0.9020579036861601,0.046294964028776975,0.39997158182116643,1.4
39049009372,0.11631331426617204,0.4162729996837577,0.2573429589614503,0.5608515582285403,0.256911506721097,1.2569
39049009373,0.04729592080765422,0.5716880070235233,0.14035150577084768,0.5453323699421966,0.24215592501955474,1.2422
39049009381,0.14620161195306397,0.31770253248249264,0.30272378469426103,0.390961117196057,0.23703111852089997,1.237
39049009382,0.24364560108191088,0.6066261834623993,0.49720685315349544,0.2905321100917431,0.37711358538875384,1.3771
39049009383,0.1488599519686962,0.45136145737284566,0.29075712366295,0.15884406516679594,0.2467683153936816,1.2468
39049009384,0.26607831747494964,0.40456352102861015,0.359708889250461,0.16710974643423138,0.30484734702561966,1.3048
39049009385,0.16594331122376976,0.4205417883070811,0.6186299215990351,0.3369727520435967,0.3145988661328701,1.3146
39049009386,0.018621940808195788,0.45608826099563865,0.1430668841761827,0.739559659090909,0.21874903418852587,1.2187
39049009390,0.10428286852589641,0.2011940915572422,0.3978354846389232,0.17133593749999998,0.17924887359809724,1.1792
39049009391,0.1750665215725121,0.295440888534381,0.2593088171913682,0.32050249546279497,0.232340055044836,1.2323
39049009392,0.24208523050654523,0.3000359359002389,0.3415455239717232,0.38109375,0.28539280282409085,1.2854
39049009393,0.485341652258889,0.5289442927342024,0.4376643387851594,0.34897641509433963,0.47545419164020297,1.4755
39049009394,0.04954615925438517,0.5050254768611389,0.5858937746582255,0.10886029411764706,0.2497995444529758,1.2498
39049009395,0.018663600631032912,0.3974873958261336,0.7791872252839733,0.2849093959731544,0.2540726726619613,1.2541
39049009396,0.26956428348643824,0.5600848534423113,0.21024020403615992,0.44911927621861153,0.35125131333108206,1.3513
39049009397,0.20578921588508925,0.5549984093933746,0.3300354472176362,0.32548355520751765,0.32369788289428547,1.3237
39049009401,0.019331530725706852,0.2665251297872655,0.2182513821650577,0.21613671472708548,0.130648426607137,1.1306
39049009403,0.05408862475409565,0.24423867433910632,0.10809262803781684,0.518246887966805,0.15614256396417742,1.1561
39049009404,0.042971601452908015,0.5921992855450551,0.8321878449696805,0.1401158940397351,0.30837538826214334,1.3084
39049009405,0.010318651183762169,0.3684222531217656,0.5025853923146917,0.14055194805194807,0.18670789252472103,1.1867
39049009410,0.0903237443925087,0.4589418837158855,0.49049839296286896,0.05239665354330709,0.23871176742398678,1.2387
39049009420,0.21495633066619316,0.3043368645530735,0.33449732814772654,0.35075557103064064,0.268812537796588,1.2688
39049009440,0.12550454636595848,0.2568756879735779,0.38921434368025964,0.24305661925601751,0.20965900865401443,1.2097
39049009495,0.0583541377183019,0.27145311951812406,0.30895103130845725,0.3249529667149059,0.17587830010644115,1.1759
39049009497,0.18395547725664682,0.33797028683455727,0.5898223347378914,0.03904648390941597,0.268848308938588,1.2688
39049009498,0.4280316592140044,0.4712958688271916,0.3566710915030128,0.550697896749522,0.4404102502142042,1.4404
39049009520,0.17768717338438453,0.4673930194137254,0.388394405629057,0.23612727272727274,0.28756372966270943,1.2876
39049009590,0.08727859126265501,0.47086732988308866,0.5552850088812966,0.3220454545454545,0.2768534248888396,1.2769
39049009600,0.121919284041878,0.4989174083109913,0.3509103298853788,0.34901606425702814,0.2732271500071965,1.2732
39049009711,0.07612649402390437,0.5365927540898849,0.539267517634875,0.29995875,0.28309743817965466,1.2831
39049009712,0.03931977009992816,0.20812324818676708,0.6051206992472052,0.2651680327868853,0.18897560526242516,1.189
39049009751,0.037541832669322706,0.39309700497212635,0.5102211044568558,0.046683,0.19824663324622133,1.1982
39049009752,0.02963910997744251,0.2791742668005657,0.36299930459471924,0.08422774869109947,0.1474857922471805,1.1475
39049009753,0.14188737537329812,0.4027416284554695,0.6775502550255026,0.13330968280467448,0.28659260133480924,1.2866
39049009754,0.0384589302365008,0.171396581651745,0.3334654300660922,0.024686170212765958,0.11456704206237708,1.1146
39049009755,0.08179048511835012,0.3032526025152724,0.596776154084786,0.028772058823529414,0.209102022183064,1.2091
39049009756,0.12834814587802637,0.3024628921794132,0.3914106213561842,0.09450000000000001,0.2079513891872941,1.208
39049009757,0.032136477203666074,0.4748522181051711,0.4597144707224569,0.34072419106317414,0.23781088284281177,1.2378
39049009801,0.020143793325953244,0.2824808043735047,0.5162872841444269,0.045635215453194655,0.1626987119233363,1.1627
39049009802,0.03833407011843707,0.42440979823191044,0.46861073215097765,0.09059734513274337,0.20462082895311712,1.2046
39049009900,0.1866854046758107,0.22692587118893717,0.15709049823633156,0.38230510105871035,0.21186825497646042,1.2119
39049010000,0.0606002141554846,0.23301960808202496,0.3503878881527422,0.344909200968523,0.1756041124180122,1.1756
39049010100,0.08163557889653507,0.5260617710380817,0.574825356972057,0.051704545454545454,0.26372749029905107,1.2637
39049010201,0.16799367878031943,0.3593824533014798,0.34506488083766945,0.09101728723404257,0.23470391356458434,1.2347
39049010202,0.17461317520615213,0.25427996426399624,0.17625990582063256,0.23384883720930233,0.2007004482631002,1.2007
39049010203,0.17954008928418322,0.20595773825837438,0.11500086115112419,0.4572847919655667,0.2042380875759105,1.2042
39049010204,0.11678625579932721,0.3484449200437206,0.1855880151384779,0.25391331857007277,0.19873389203837272,1.1987
39049010300,0.14082436261937117,0.2678062793087229,0.18083462516893234,0.6793218859138533,0.2324211335035915,1.2324
39049010401,0.04910469645581243,0.16401977610484847,0.3052155337941628,0.06342936802973978,0.11768255912621671,1.1177
39049010402,0.14525311830826612,0.18136571676716312,0.5118330527779174,0.07837320574162679,0.20258026683677413,1.2026
39049010501,0.046685111819091844,0.07712539403772252,0.38900014638036684,0.08249580302182428,0.109223506678214,1.1092
39049010502,0.36706444619364753,0.14683501083051334,0.31296391458261963,0.07593560350640594,0.2747791233424856,1.2748
39049010601,0.01702577445320758,0.13194974439098708,0.12376517075924358,0.25175892857142856,0.08524099179537996,1.0852
39049010602,0.191321099804812,0.3962260259808373,0.40023731288791525,0.04632352941176471,0.2593850062719791,1.2594
39049010700,0.15588676222943276,0.37234850895514043,0.2726679387863598,0.21108247422680412,0.23303894659413588,1.233
39049010900,0.036084037552213295,0.38495986701977747,0.3563649957740069,0.12575475778546713,0.18031221067569875,1.1803
39049980000,0.0,0.0,0.0,0.0,0.0,1.0
