GEOID,median_income,total_population,total_households,transit_score,is_transit_desert,transit_dependency_score,transit_dependency_weight,transit_hardship_index,vulnerability_segment,affected_workers_estimate,transit_dependent_population_estimate,forced_drive_commuters_estimate,ht_burdened_households_estimate,lost_wages_annual,healthcare_annual,environment_annual,education_annual,forgone_affordability_annual,cost_of_inaction_annual,cumulative_delay_1yr_cost,cumulative_delay_3yr_cost,cumulative_delay_5yr_cost,safety_warning_score,displacement_risk_score
39049000110,133315.0,3472.0,1812.0,0.0612,False,0.221986518238471,1.222,40.08,Moderate hardship,19.0,76.64459161147903,17.84,40.0,12845.59,5991.74,6594.11,7935.48,0.0,33366.92,34346.22,106110.32,182205.28,0.0,24.81
39049000120,105583.0,3428.0,1708.0,0.0434,False,0.19991361974668612,1.1999,41.99,Moderate hardship,31.0,62.21779859484777,29.65,31.0,19284.33,4723.2,10998.87,16824.44,0.0,51830.84,53195.2,163850.08,280491.5,0.0,27.53
39049000210,126736.0,3106.0,1551.0,0.0115,False,0.21326988304436706,1.2133,41.52,Moderate hardship,138.0,230.29658284977435,136.41,115.0,64804.48,20494.32,50927.9,15718.77,0.0,151945.47,156597.69,484375.14,832693.55,0.0,31.46
39049000220,124342.0,4263.0,2026.0,0.0166,False,0.15953092432063087,1.1595,41.97,Moderate hardship,25.0,46.29121421520237,24.58,114.0,20210.8,3325.39,9167.42,18655.46,0.0,51359.07,52669.14,162098.61,277265.04,0.0,30.87
39049000310,60761.0,2993.0,1264.0,0.0128,False,0.2579860126403991,1.258,51.75,High-need transit burden,0.0,153.91218354430382,0.0,196.0,0.0,13409.52,0.0,22434.98,0.0,35844.5,36717.15,112892.19,192939.17,6.45,52.52
39049000320,52344.0,3032.0,1288.0,0.021,False,0.26905299316067893,1.2691,60.52,High-need transit burden,13.0,327.21118012422363,12.73,139.0,23557.24,32982.51,4743.62,19639.81,732644.83,813568.01,838210.34,2591625.19,4453054.6,0.0,39.78
39049000330,46649.0,2797.0,1112.0,0.0134,False,0.14330010678136668,1.1433,48.45,Moderate hardship,76.0,88.03507194244604,74.98,47.0,36279.95,6609.26,27982.7,21349.81,163867.87,256089.59,263528.61,813813.41,1396657.82,0.0,41.06
39049000410,93646.0,2519.0,1195.0,0.0153,False,0.1680865046939275,1.1681,43.85,Moderate hardship,112.0,151.77238493723848,110.29,72.0,77425.49,12559.81,41144.78,8604.4,0.0,139734.48,144141.44,446239.24,767799.37,0.0,33.48
39049000420,91212.0,3147.0,1574.0,0.051,False,0.18260611800479504,1.1826,44.77,Moderate hardship,36.0,121.9612452350699,34.16,142.0,19935.97,9660.02,12652.46,9704.6,0.0,51953.05,53518.28,165465.61,284339.11,0.0,39.72
39049000500,87705.0,4267.0,2152.0,0.0191,False,0.19817494246224893,1.1982,47.08,Moderate hardship,103.0,277.59293680297395,101.03,153.0,76668.48,23851.61,37661.51,16336.07,0.0,154517.67,159411.96,493597.26,849457.41,0.0,38.5
39049000600,64250.0,4005.0,1815.0,0.0383,False,0.21676579931982673,1.2168,51.58,High-need transit burden,89.0,458.97520661157023,85.59,338.0,45528.43,45029.26,31782.87,5542.99,0.0,127883.55,132364.45,411213.09,710083.65,0.0,55.53
39049000710,50353.0,3010.0,1292.0,0.0172,False,0.26382292260174317,1.2638,56.76,High-need transit burden,145.0,319.171826625387,142.51,218.0,120151.94,31901.15,53144.51,20905.2,47263.47,273366.27,282004.52,873100.7,1502371.31,0.0,56.46
39049000720,43198.0,2835.0,1074.0,0.0166,False,0.4727221119202156,1.4727,60.91,High-need transit burden,96.0,725.9078212290502,94.41,275.0,54835.54,113414.27,35211.4,39728.91,1462549.42,1705739.54,1757995.94,5437373.26,9346163.35,0.0,56.66
39049000730,34792.0,3353.0,1369.0,0.0102,False,0.5370614400035755,1.5371,60.22,High-need transit burden,483.0,1151.1395178962748,478.07,470.0,95320.75,215509.51,178531.24,29696.77,2407449.06,2926507.33,3016584.6,9331420.11,16041802.31,40.28,52.67
39049000810,64162.0,2892.0,1167.0,0.0153,False,0.26427127646291343,1.2643,48.4,Moderate hardship,11.0,282.5089974293059,10.83,114.0,5138.8,27710.99,4040.24,25243.21,0.0,62133.24,63964.02,197661.51,339542.78,0.0,36.24
39049000820,70329.0,3687.0,1579.0,0.0051,False,0.2674713003640487,1.2675,53.38,High-need transit burden,127.0,266.19252691576946,126.35,138.0,144395.7,24628.63,47232.58,23587.2,0.0,239844.11,247470.11,766336.23,1318944.27,0.0,43.94
39049000910,38365.0,3398.0,1275.0,0.0255,False,0.4787428668889788,1.4787,62.61,High-need transit burden,14.0,844.8360784313726,13.64,317.0,8054.37,130863.57,5078.13,40989.56,3141993.74,3326979.37,3428028.77,10599778.72,18214350.11,0.0,58.8
39049000920,29595.0,2039.0,750.0,0.0115,False,0.273955757705722,1.274,52.49,High-need transit burden,28.0,255.55466666666666,27.68,117.0,1901.53,26879.61,10334.17,21732.48,1478036.77,1538884.56,1585020.94,4899100.94,8415047.67,0.0,56.97
39049001000,37096.0,4802.0,2037.0,0.0153,False,0.196141775575081,1.1961,52.52,High-need transit burden,270.0,445.54639175257734,265.87,328.0,63497.85,40875.36,99185.44,4753.12,3517548.29,3725860.06,3837985.0,11863988.89,20380518.59,0.0,56.53
39049001110,24854.0,3382.0,1217.0,0.0115,False,0.29623669644868117,1.2962,53.92,High-need transit burden,138.0,772.5521774856203,136.41,278.0,8024.04,101257.26,50927.9,879.42,4792750.05,4953838.67,5103742.34,15779319.03,27111077.24,0.0,59.95
39049001121,72537.0,10701.0,64.0,0.0383,False,0.17977349725663597,1.1798,42.66,Moderate hardship,208.0,208.0,200.03,6.0,39066.65,18865.0,74278.86,6213.01,0.0,138423.52,142571.31,440695.35,757071.41,4.49,31.65
39049001122,43219.0,2352.0,529.0,0.0383,False,0.17020305126017524,1.1702,47.43,High-need transit burden,120.0,195.62948960302458,115.4,88.0,10081.07,17162.93,42852.47,1474.45,522657.66,594228.58,612122.48,1892243.91,3250696.16,4.26,55.29
39049001200,33650.0,3497.0,1156.0,0.0159,False,0.25771482254203726,1.2577,53.49,High-need transit burden,190.0,586.8667820069204,186.98,194.0,38714.03,66582.45,69746.35,1544.07,2303667.46,2480254.36,2555477.77,7901372.04,13576689.05,0.0,57.28
39049001301,50977.0,2870.0,1092.0,0.0006,False,0.19250080677460124,1.1925,53.87,High-need transit burden,52.0,189.23076923076923,51.97,232.0,32128.55,16217.6,19445.1,5124.08,445187.44,518102.77,533860.3,1650811.71,2836822.7,0.0,60.73
39049001302,35121.0,2602.0,597.0,0.0128,False,0.3223104352476125,1.3223,54.84,High-need transit burden,259.0,566.5996649916248,255.68,131.0,29986.28,74319.09,95431.8,2563.23,1216767.04,1419067.44,1462380.88,4522494.72,7772529.9,0.0,63.84
39049001400,36053.0,1717.0,548.0,0.051,False,0.37446888720052296,1.3745,54.26,High-need transit burden,30.0,216.19160583941607,28.47,79.0,4440.54,24564.12,10544.95,21981.43,768019.81,829550.85,854379.65,2640673.33,4535664.3,18.72,55.12
39049001500,39022.0,2038.0,800.0,0.0115,False,0.33901178341883964,1.339,54.38,High-need transit burden,37.0,295.51,36.57,116.0,15401.1,34068.73,13653.2,24009.3,690896.68,778029.01,801457.48,2477567.15,4256349.71,0.0,45.13
39049001600,50227.0,2769.0,1302.0,0.023,False,0.3700409573259189,1.37,56.05,High-need transit burden,280.0,552.9493087557604,273.56,260.0,110647.76,72682.0,101896.63,16288.25,1458799.29,1760313.93,1813964.15,5609542.15,9640352.17,0.0,56.28
39049001700,29219.0,3987.0,1836.0,0.058,False,0.27812466280710546,1.2781,52.81,High-need transit burden,152.0,801.3088235294117,143.18,369.0,9638.04,98499.4,52957.16,2518.84,5677277.58,5840891.02,6017333.31,18602907.4,31960657.97,0.0,61.36
39049001810,23434.0,3417.0,1729.0,0.0191,False,0.3233641002268685,1.3234,54.76,High-need transit burden,349.0,808.3013302486987,342.33,409.0,25935.39,109729.93,127612.25,0.0,5940282.45,6203560.02,6390804.39,19757039.7,33942699.97,0.0,57.69
39049001820,72713.0,2260.0,1329.0,0.0893,False,0.21825278110985435,1.2183,45.32,Moderate hardship,184.0,292.4905944319037,167.57,172.0,31807.87,29681.7,61585.61,3975.41,0.0,127050.59,131086.89,405927.13,698636.81,0.0,46.14
39049001901,66090.0,3939.0,2421.0,0.074,False,0.25131834527838265,1.2513,49.88,High-need transit burden,55.0,416.51548946716235,50.93,299.0,26030.81,41191.12,18776.2,970.24,89606.22,176574.59,182508.5,566166.11,976153.55,0.0,47.87
39049001902,59444.0,4116.0,2819.0,0.0421,False,0.172871241591794,1.1729,54.8,High-need transit burden,236.0,373.7836112096488,226.06,530.0,222371.46,33471.01,83880.51,3372.54,0.0,343095.52,354522.2,1099432.91,1894951.23,0.0,57.02
39049002000,122167.0,3078.0,1716.0,0.0038,False,0.11753556360017846,1.1175,43.9,Moderate hardship,31.0,145.2902097902098,30.88,144.0,44799.75,11121.22,11546.67,2996.62,0.0,70464.26,72857.33,226094.52,389965.85,0.0,34.66
39049002100,84605.0,2334.0,1660.0,0.0077,False,0.12774362131101516,1.1277,44.18,Moderate hardship,56.0,92.79759036144578,55.57,228.0,16894.08,7027.8,20762.55,2513.9,0.0,47198.33,48655.1,150530.38,258834.33,0.0,45.8
39049002200,109514.0,3501.0,2398.0,0.0415,False,0.10473726540286574,1.1047,41.25,Moderate hardship,121.0,175.19599666388658,115.98,195.0,71610.23,13355.64,43040.07,606.74,0.0,128612.68,132803.32,411553.88,708833.65,0.0,35.55
39049002300,49139.0,1878.0,796.0,0.051,False,0.29495133863595197,1.295,51.39,High-need transit burden,24.0,193.46231155778892,22.78,146.0,3457.4,19677.6,8437.44,11589.25,393464.12,436625.81,449786.24,1390473.31,2388831.59,7.37,57.21
39049002510,45172.0,2756.0,1131.0,0.0612,False,0.35180339379845127,1.3518,58.72,High-need transit burden,40.0,421.5632183908046,37.55,173.0,38153.62,49882.45,13879.41,28780.86,948120.89,1078817.23,1111533.3,3436835.67,5905591.71,17.59,50.1
39049002520,68690.0,2428.0,1274.0,0.0402,False,0.3150286303424084,1.315,48.1,Moderate hardship,118.0,226.7912087912088,113.26,119.0,35129.6,22908.03,42041.7,9389.1,0.0,109468.43,112892.54,349422.42,601109.79,0.0,36.62
39049002600,34080.0,4929.0,1804.0,0.0268,False,0.40917215695316356,1.4092,60.81,High-need transit burden,182.0,915.3076496674058,177.12,353.0,79101.11,120505.31,65923.93,45163.78,3548990.16,3859684.29,3976535.34,12294601.33,21124532.28,20.46,62.5
39049002710,42193.0,2305.0,1250.0,0.0128,False,0.3019471391360209,1.3019,57.25,High-need transit burden,104.0,319.012,102.67,303.0,43099.75,35265.8,38321.27,12870.78,984118.25,1113675.85,1147407.33,3547591.57,6095555.85,0.0,65.96
39049002730,27730.0,2374.0,1063.0,0.014,False,0.4196666415295097,1.4197,69.08,High-need transit burden,120.0,460.0602069614299,118.32,277.0,97518.14,61972.21,44151.96,11971.35,3597789.4,3813403.06,3928786.08,12146664.12,20869641.56,0.0,72.32
39049002740,97788.0,2485.0,1107.0,0.0128,False,0.2809106249870194,1.2809,48.51,Moderate hardship,36.0,80.8130081300813,35.54,84.0,36955.43,6816.73,13265.2,12663.17,0.0,69700.53,71784.31,221883.46,381180.19,7.02,37.97
39049002750,36447.0,3020.0,1021.0,0.0096,False,0.35778477395538644,1.3578,56.86,High-need transit burden,89.0,428.8932419196866,88.15,145.0,33943.64,49827.82,32922.84,35488.71,1265797.17,1417980.18,1460633.31,4515129.62,7756464.62,0.0,53.03
39049002760,63852.0,3310.0,1737.0,0.0268,False,0.37898333619602464,1.379,54.67,High-need transit burden,98.0,577.392055267703,95.37,303.0,59073.42,72774.02,35496.64,14123.08,0.0,181467.16,187866.45,583782.79,1008352.81,0.0,47.15
39049002770,37458.0,2189.0,934.0,0.0134,False,0.3711410899048861,1.3711,59.41,High-need transit burden,131.0,382.0203426124197,129.24,163.0,75059.1,47881.19,48232.64,20199.47,1086672.02,1278044.42,1316874.51,4071951.38,6997245.73,0.0,56.25
39049002780,88438.0,2569.0,1162.0,0.0045,False,0.38889267038260555,1.3889,49.82,Moderate hardship,16.0,351.5240963855422,15.93,159.0,7827.67,41319.03,5955.72,5115.43,0.0,60217.85,62561.45,195110.24,338261.82,0.0,36.47
39049002800,47637.0,2765.0,1340.0,0.0638,False,0.4495633866842764,1.4496,63.77,High-need transit burden,185.0,627.2835820895522,173.2,304.0,243753.65,91691.05,63985.3,26320.28,414656.34,840406.62,867419.26,2686931.73,4625719.97,0.0,54.36
39049002900,23750.0,2576.0,1047.0,0.0102,False,0.7065107378490643,1.7065,66.41,High-need transit burden,248.0,1235.1021967526265,245.47,502.0,28453.54,308364.64,91668.71,52707.22,6944881.27,7426075.38,7652218.31,23663200.33,40665329.55,17.66,59.43
39049003000,77039.0,3740.0,2504.0,1.0,False,0.327035943319265,1.327,33.58,"Lower-risk, better-served",165.0,660.1757188498402,0.0,442.0,124121.74,80398.17,0.0,0.0,0.0,204519.91,212482.09,662604.87,1148522.17,8.18,44.03
39049003200,90100.0,3067.0,1858.0,0.0134,False,0.18933070146348652,1.1893,47.2,Moderate hardship,27.0,138.65877287405812,26.64,359.0,9889.4,11236.39,9942.1,0.0,0.0,31067.89,32168.21,99971.52,172690.32,0.0,51.95
39049003600,50128.0,1983.0,1180.0,0.0638,False,0.40703414502508584,1.407,55.03,High-need transit burden,61.0,443.6542372881356,57.11,264.0,22848.2,62591.43,21098.16,11364.23,0.0,117902.02,122182.15,380072.09,657210.48,0.0,51.75
39049003700,74712.0,3385.0,1662.0,0.0555,False,0.26183384682531985,1.2618,50.55,High-need transit burden,56.0,444.0012033694344,52.89,218.0,49374.02,46841.79,19572.01,21972.79,0.0,137760.61,142349.55,441505.16,761154.5,0.0,42.9
39049003800,73434.0,2513.0,1287.0,0.0325,False,0.20706031649254963,1.2071,48.62,High-need transit burden,100.0,148.3978243978244,96.75,219.0,45361.63,12651.91,35969.01,4016.86,0.0,97999.41,101103.83,313045.41,538704.12,0.0,51.89
39049004001,33980.0,1474.0,1150.0,0.021,False,0.3468133213052818,1.3468,56.63,High-need transit burden,83.0,306.33565217391305,81.26,292.0,9893.85,40188.18,30280.19,0.0,1867303.72,1947665.94,2006596.81,6203810.01,10658987.65,0.0,68.24
39049004002,68242.0,3392.0,2457.0,0.7749,False,0.4385640283086192,1.4386,43.17,"Lower-risk, better-served",562.0,978.8066748066748,126.51,709.0,437626.76,157625.94,40003.82,0.0,0.0,635256.52,658666.72,2049785.66,3545555.59,0.0,52.18
39049004200,60882.0,972.0,656.0,0.0383,False,0.22516060497345325,1.2252,50.9,High-need transit burden,5.0,82.97560975609755,4.81,143.0,2153.07,7661.82,1786.14,2256.25,301192.51,315049.79,324577.43,1003486.85,1724112.94,0.0,59.42
39049004301,76310.0,3012.0,1962.0,0.0051,False,0.1308480416363198,1.1308,48.32,Moderate hardship,35.0,38.379204892966364,34.82,371.0,19649.42,2703.49,13016.53,986.41,0.0,36355.85,37502.49,116099.96,199754.94,3.27,53.57
39049004302,69500.0,2472.0,726.0,0.0293,False,0.27910766879324467,1.2791,55.11,High-need transit burden,104.0,347.305785123967,100.95,116.0,133301.75,37888.8,37554.63,34506.18,0.0,243251.36,250974.86,777178.72,1337627.92,0.0,52.55
39049004500,51818.0,5015.0,2124.0,0.0077,False,0.2558231286453567,1.2558,52.49,High-need transit burden,52.0,408.47222222222223,51.6,215.0,23144.26,38298.07,19279.24,31159.3,0.0,111880.87,115270.22,356473.34,612767.27,0.0,47.81
39049004610,87731.0,3937.0,1750.0,0.0089,False,0.2648817672686779,1.2649,48.24,Moderate hardship,199.0,211.47314285714285,197.23,94.0,149067.49,18635.81,73673.08,16877.66,0.0,258254.04,266354.37,824448.67,1418292.65,0.0,35.93
39049004620,58712.0,2390.0,848.0,0.0077,False,0.33746925963212016,1.3375,54.34,High-need transit burden,34.0,329.752358490566,33.74,117.0,24467.0,37415.91,12606.23,14951.19,0.0,89440.33,92474.96,286996.54,495107.94,0.0,46.34
39049004700,50737.0,5911.0,1997.0,0.0115,False,0.29854269238631026,1.2985,57.84,High-need transit burden,119.0,852.4626940410616,117.63,419.0,80257.63,95149.91,43916.49,68003.44,988224.27,1275551.74,1314203.18,4063474.03,6982485.08,0.0,61.25
39049004810,65282.0,2510.0,1173.0,0.0128,False,0.34586918368261454,1.3459,55.36,High-need transit burden,108.0,252.49786871270246,106.62,118.0,111341.1,26543.78,39795.6,14740.71,0.0,192421.19,198684.38,615719.09,1060515.89,0.0,44.0
39049004820,43672.0,2509.0,963.0,0.0128,False,0.29672586596007555,1.2967,57.07,High-need transit burden,73.0,161.53478712357216,72.07,73.0,62358.65,14995.14,26899.91,24507.63,453492.82,582254.15,599682.86,1853492.41,3183660.59,14.84,46.96
39049004900,42600.0,5757.0,2246.0,0.0536,False,0.41176282372414585,1.4118,64.69,High-need transit burden,338.0,963.7720391807659,319.88,376.0,385509.39,122640.55,118417.5,59067.54,1843277.7,2528912.68,2606891.91,8064541.11,13864700.34,0.0,57.39
39049005001,56397.0,1814.0,649.0,0.051,False,0.4770884494751988,1.4771,57.55,High-need transit burden,33.0,290.68721109399075,31.32,104.0,20913.96,38147.47,11600.56,15700.44,0.0,86362.43,89289.47,277103.65,478035.28,0.0,51.21
39049005002,21469.0,3995.0,1655.0,0.0459,False,0.6154279277716341,1.6154,68.65,High-need transit burden,307.0,1219.0181268882177,292.91,505.0,181826.83,226309.49,108602.18,52137.66,8116450.89,8685327.05,8948709.15,27668767.91,47542378.23,15.39,49.51
39049005100,25288.0,2369.0,763.0,0.0128,False,0.6858823312515101,1.6859,69.39,High-need transit burden,105.0,711.0104849279162,103.66,229.0,40016.6,136679.23,38690.79,25000.6,2033668.13,2274055.35,2343883.82,7249942.1,12462441.03,51.44,64.03
39049005200,101861.0,3272.0,2059.0,0.0319,False,0.13536085749034343,1.1354,42.27,Moderate hardship,109.0,176.39242350655658,105.52,215.0,39019.42,13959.98,39234.19,4732.0,0.0,96945.59,99977.11,309434.53,532280.42,0.0,39.38
39049005300,66362.0,2699.0,1155.0,0.074,False,0.3341260043032168,1.3341,52.98,High-need transit burden,154.0,418.28658008658005,142.6,179.0,105084.9,49049.2,52571.88,14956.29,0.0,221662.27,229041.23,710322.64,1224406.65,8.35,50.73
39049005410,48732.0,1894.0,789.0,0.0102,False,0.45837653306700205,1.4584,70.9,High-need transit burden,142.0,494.5044359949303,140.55,206.0,294791.61,77164.08,52487.22,18140.25,168781.8,611364.96,631748.37,1959239.19,3377051.58,0.0,61.35
39049005420,49609.0,2084.0,770.0,0.0045,False,0.399255541331182,1.3993,58.33,High-need transit burden,58.0,351.8441558441558,57.74,162.0,26093.3,44502.02,21587.15,23417.82,44056.54,159656.83,164715.08,510041.09,877832.48,0.0,61.57
39049005500,56667.0,4678.0,2060.0,0.0325,False,0.4237735607129075,1.4238,61.26,High-need transit burden,159.0,744.8466019417475,153.83,420.0,146760.84,94025.25,57189.79,33579.78,0.0,331555.66,342756.13,1063528.65,1834241.54,10.59,60.47
39049005610,71012.0,1579.0,752.0,0.023,False,0.09674397411736614,1.0967,47.72,High-need transit burden,10.0,54.59308510638298,9.77,146.0,6786.53,3964.94,3639.17,5810.82,0.0,20201.46,20778.12,64142.87,110057.23,0.0,54.73
39049005620,55162.0,2268.0,1057.0,0.0134,False,0.3309301938199537,1.3309,57.64,High-need transit burden,54.0,306.8344370860927,53.28,143.0,54561.75,34446.46,19884.21,9846.61,216106.88,334845.91,345404.13,1069278.44,1839678.64,0.0,50.84
39049005700,128710.0,3861.0,2261.0,0.051,False,0.12330943073335857,1.1233,38.31,Moderate hardship,43.0,102.45908889871738,40.81,192.0,12814.41,7455.29,15115.54,4354.95,0.0,39740.19,40954.33,126670.36,217752.86,3.08,32.78
39049005810,97070.0,2833.0,1559.0,0.0089,False,0.09979022704519777,1.0998,44.71,Moderate hardship,26.0,56.332905708787685,25.77,131.0,27141.82,3939.05,9626.1,3908.52,0.0,44615.49,46030.27,142528.03,245280.75,0.0,38.22
39049005820,93803.0,2276.0,1173.0,0.0064,False,0.3004726975912111,1.3005,52.94,High-need transit burden,29.0,230.8985507246377,28.81,141.0,45050.64,23500.45,10767.05,8193.15,0.0,87511.29,90513.08,280991.59,484861.79,0.0,44.38
39049005900,53148.0,2363.0,944.0,0.0172,False,0.4670433483869286,1.467,61.32,High-need transit burden,147.0,523.1641949152543,144.47,209.0,112957.21,76634.37,53875.43,21707.09,122457.24,387631.34,400314.48,1240771.12,2137458.92,0.0,59.59
39049006000,49933.0,2056.0,883.0,0.0166,False,0.27333299725511556,1.2733,54.76,High-need transit burden,67.0,214.21517553793882,65.89,160.0,35822.51,21481.02,24574.51,11847.57,532412.57,626138.18,645087.52,1994463.35,3426881.04,0.0,57.52
39049006100,55945.0,2601.0,1147.0,0.0051,False,0.40515290648175983,1.4052,58.25,High-need transit burden,74.0,446.7279860505667,73.62,248.0,37410.99,57071.45,27520.87,14209.81,0.0,136213.12,140949.26,437786.03,755831.29,0.0,61.36
39049006236,208606.0,6255.0,1923.0,0.0,True,0.08859428718593881,1.0886,32.38,Moderate hardship,0.0,0.0,0.0,0.0,0.0,0.0,0.0,56623.95,0.0,56623.95,57303.44,173981.49,293476.62,0.0,11.26
39049006237,103470.0,7183.0,3148.0,0.0166,False,0.257187070990912,1.2572,55.28,High-need transit burden,424.0,889.8888182973316,416.96,390.0,1051065.91,92074.48,155510.5,62672.39,0.0,1361323.28,1406893.77,4363769.67,7522630.32,0.0,40.81
39049006238,107976.0,1946.0,838.0,0.0281,False,0.18051743128570308,1.1805,45.77,Moderate hardship,36.0,60.377088305489266,34.99,65.0,52829.6,4674.56,13019.85,15103.14,0.0,85627.15,88193.28,272619.1,468361.95,4.51,36.23
39049006239,100066.0,6377.0,2863.0,0.0179,False,0.09604222890777177,1.096,47.4,Moderate hardship,0.0,0.0,0.0,442.0,0.0,0.0,0.0,44155.31,0.0,44155.31,44685.17,135670.62,228852.82,0.0,46.28
39049006240,95482.0,5223.0,2583.0,0.0,True,0.11992026671301423,1.1199,47.61,Moderate hardship,43.0,121.3240418118467,43.0,115.0,58748.36,8720.35,16090.82,14798.19,0.0,98357.72,101386.18,313654.75,539306.37,3.0,34.56
39049006241,108008.0,9716.0,4016.0,0.0,True,0.17305386449741778,1.1731,47.73,Moderate hardship,100.0,558.863545816733,100.0,582.0,69076.55,46124.01,37420.5,48284.8,0.0,200905.86,206914.05,639607.99,1098938.71,4.33,44.21
39049006301,99583.0,2710.0,1320.0,0.0,True,0.20121369182108734,1.2012,47.29,Moderate hardship,18.0,92.38636363636364,18.0,90.0,20691.57,7339.45,6735.69,16648.63,0.0,51415.34,52838.0,162970.92,279378.62,5.03,36.61
39049006302,81548.0,4914.0,2052.0,0.0038,False,0.19271790581754197,1.1927,50.48,High-need transit burden,19.0,155.6578947368421,18.93,372.0,14366.01,12197.74,7078.32,32368.04,0.0,66010.11,67627.19,207940.25,355363.33,0.0,52.42
39049006310,209762.0,4289.0,1528.0,0.0,True,0.14360484735355297,1.1436,31.71,Moderate hardship,4.0,4.0,4.0,0.0,3592.5,274.46,1496.82,37833.81,0.0,43197.59,43827.1,133415.48,225661.53,0.0,10.97
39049006321,171853.0,4298.0,1595.0,0.0115,False,0.17774196653386107,1.1777,38.35,Moderate hardship,8.0,110.48150470219436,7.91,41.0,12641.18,8408.88,2953.15,41663.4,0.0,65666.61,67061.24,205530.47,350081.4,0.0,19.53
39049006323,131667.0,3644.0,1586.0,0.0332,False,0.1624118317239676,1.1624,39.04,Moderate hardship,15.0,55.142496847414876,14.5,27.0,11506.98,4020.45,5389.94,24297.74,0.0,45215.11,46225.1,141822.66,241822.45,0.0,24.88
39049006330,161563.0,4616.0,1993.0,0.0344,False,0.11046506067690015,1.1105,36.1,Moderate hardship,30.0,34.74159558454591,28.97,15.0,33907.6,2367.1,10766.13,28128.11,0.0,75168.94,77068.92,237137.0,405515.22,0.0,18.35
39049006340,118958.0,3508.0,1571.0,0.0,True,0.23027507001649428,1.2303,44.59,Moderate hardship,142.0,317.08211330362826,142.0,142.0,179709.05,29753.35,53137.11,24286.12,0.0,286885.63,296134.21,917428.06,1579670.69,0.0,27.86
39049006351,61806.0,4217.0,2041.0,0.0089,False,0.2505438413094281,1.2505,52.2,Moderate hardship,18.0,150.828515433611,17.84,207.0,10783.58,12530.95,6663.93,19311.57,0.0,49290.03,50629.69,156091.89,267482.15,0.0,46.43
39049006352,64590.0,3520.0,1982.0,0.0153,False,0.12783281489584342,1.1278,50.25,High-need transit burden,142.0,174.04641775983853,139.83,524.0,58511.23,13524.37,52164.97,4882.51,0.0,129083.08,133102.28,411898.5,708420.29,0.0,64.02
39049006353,51306.0,5043.0,2876.0,0.0325,False,0.25167906686653224,1.2517,53.83,High-need transit burden,177.0,527.7965924895689,171.25,482.0,75216.04,52084.21,63666.07,19532.3,184072.75,394571.37,406895.94,1259299.03,2166055.6,0.0,55.62
39049006372,61347.0,7214.0,3105.0,0.0153,False,0.16275385089838865,1.1628,51.56,High-need transit burden,45.0,285.7719806763285,44.31,524.0,22028.7,22307.15,16530.29,56088.11,0.0,116954.25,119815.39,368395.19,629550.46,0.0,53.95
39049006384,103511.0,6070.0,2573.0,0.0166,False,0.19895797731396178,1.199,48.23,Moderate hardship,170.0,363.3035367275554,167.18,272.0,164468.49,30828.97,62351.89,37768.5,0.0,295417.85,304573.57,942432.01,1620757.18,0.0,40.5
39049006386,77917.0,5461.0,2941.0,0.0249,False,0.27702159902732976,1.277,55.33,High-need transit burden,312.0,753.881672900374,304.23,406.0,434923.46,81684.42,113277.44,26074.38,0.0,655959.7,678002.65,2103255.68,3626322.46,6.93,44.49
39049006387,86159.0,6209.0,2939.0,0.0038,False,0.26310330143147975,1.2631,51.16,Moderate hardship,23.0,549.2820687308608,22.91,302.0,17838.71,52675.78,8566.52,32523.85,0.0,111604.86,115204.07,356969.85,614871.49,0.0,43.09
39049006391,198182.0,5420.0,1768.0,0.0,True,0.09748981112000725,1.0975,33.7,Moderate hardship,11.0,24.524886877828056,11.0,26.0,15516.37,1636.89,4116.26,49428.02,0.0,70697.54,72010.32,220098.29,373834.25,0.0,14.59
39049006392,169107.0,4445.0,1609.0,0.0045,False,0.17042450570030174,1.1704,36.38,Moderate hardship,13.0,13.0,12.94,0.0,10934.88,912.91,4837.85,31573.79,0.0,48259.43,49183.06,150412.03,255618.3,0.0,17.39
39049006393,112339.0,5574.0,2098.0,0.0083,False,0.21972138204096417,1.2197,44.86,Moderate hardship,0.0,340.07244995233555,0.0,128.0,0.0,29442.32,0.0,44213.19,0.0,73655.51,75510.97,232366.01,397471.35,0.0,30.06
39049006394,94155.0,2719.0,1251.0,0.0026,False,0.13153174557665376,1.1315,46.96,Moderate hardship,0.0,28.254996003197444,0.0,50.0,0.0,1978.03,0.0,11295.85,0.0,13273.88,13498.44,41191.74,69853.52,0.0,34.1
39049006395,74488.0,3881.0,2115.0,0.0306,False,0.1114415989237282,1.1114,45.9,Moderate hardship,26.0,42.20472813238771,25.2,100.0,19849.82,2906.2,9372.25,10377.06,0.0,42505.33,43689.68,134773.6,231062.49,0.0,37.36
39049006396,86185.0,5414.0,2607.0,0.0172,False,0.27502793091905975,1.275,52.41,High-need transit burden,159.0,458.9543536632144,156.27,377.0,145938.18,44039.02,58275.85,33612.92,0.0,281865.97,290815.81,900545.07,1549932.96,0.0,48.05
39049006397,67619.0,6536.0,2642.0,0.0102,False,0.19865736819627655,1.1987,52.18,High-need transit burden,186.0,235.01892505677515,184.1,541.0,73794.39,18726.41,68750.6,58516.85,0.0,219788.25,225634.71,695168.41,1190324.42,4.97,57.28
39049006398,169318.0,3622.0,1296.0,0.0026,False,0.18393059786885044,1.1839,41.34,Moderate hardship,60.0,215.195987654321,59.84,77.0,137584.95,18010.86,22380.78,35150.9,0.0,213127.49,219734.78,679930.43,1169349.11,0.0,24.78
39049006410,152419.0,3182.0,1182.0,0.0006,False,0.07828935867599685,1.0783,39.17,Moderate hardship,0.0,0.0,0.0,43.0,0.0,0.0,0.0,23968.12,0.0,23968.12,24255.74,73643.92,124224.52,0.0,24.29
39049006430,126926.0,5141.0,2029.0,0.0497,False,0.19795782953960997,1.198,42.55,Moderate hardship,188.0,349.6589452932479,178.66,231.0,114787.67,30261.76,66190.92,44665.13,0.0,255905.48,263475.58,814144.63,1398206.66,0.0,37.12
39049006500,179063.0,3842.0,1288.0,0.0166,False,0.09629603514666826,1.0963,33.05,Moderate hardship,20.0,53.69254658385093,19.67,18.0,18906.91,3679.86,7336.18,40483.83,0.0,70406.78,71903.33,220365.06,375322.89,0.0,16.86
39049006600,238162.0,3971.0,1567.0,0.0536,False,0.1667676907766495,1.1668,31.0,Moderate hardship,10.0,103.89980855137206,9.46,141.0,13285.87,7844.77,3502.03,30835.83,0.0,55468.5,56744.1,174215.65,297273.52,0.0,17.14
39049006710,102021.0,2886.0,1285.0,0.0064,False,0.20696418639371186,1.207,44.33,Moderate hardship,6.0,130.26303501945526,5.96,139.0,2346.97,10711.05,2227.41,17430.94,0.0,32716.37,33545.37,103238.11,176603.58,0.0,40.2
39049006721,154500.0,4064.0,1608.0,0.0026,False,0.1289548433323563,1.129,42.92,Moderate hardship,6.0,50.54726368159204,5.98,121.0,15281.03,3551.84,2236.58,34943.42,0.0,56012.87,57182.77,175188.47,298276.09,0.0,29.14
39049006722,97708.0,2949.0,1203.0,0.0026,False,0.1969774953099423,1.197,44.28,Moderate hardship,22.0,66.18703241895261,21.94,69.0,12080.5,5073.62,8205.79,15352.91,0.0,40712.82,41753.33,128512.3,219837.28,0.0,35.04
39049006810,125446.0,2528.0,1075.0,0.0019,False,0.1573136601941196,1.1573,43.4,Moderate hardship,6.0,25.867906976744184,5.99,37.0,10109.83,1851.36,2240.64,20265.21,0.0,34467.04,35203.39,107901.72,183799.77,0.0,28.55
39049006821,42898.0,3701.0,2064.0,0.0383,False,0.41354621583010753,1.4135,58.81,High-need transit burden,9.0,747.7311046511628,8.66,417.0,3921.23,101851.25,3215.79,18175.44,1367417.5,1494581.21,1540622.78,4765824.94,8193162.78,0.0,57.59
39049006822,93155.0,2121.0,987.0,0.0026,False,0.17653633604610924,1.1765,42.55,Moderate hardship,0.0,25.787234042553195,0.0,38.0,0.0,1886.72,0.0,8362.2,0.0,10248.92,10434.17,31878.54,54126.68,0.0,33.19
39049006910,197143.0,1768.0,634.0,0.0006,False,0.11753032586709443,1.1175,29.99,Moderate hardship,0.0,19.520504731861198,0.0,14.0,0.0,1352.2,0.0,15127.51,0.0,16479.71,16722.09,50913.22,86134.84,0.0,14.82
39049006921,55747.0,3330.0,1569.0,0.0249,False,0.2321472326761621,1.2321,52.94,High-need transit burden,118.0,227.09369024856593,115.06,187.0,78061.67,20222.79,42841.61,18669.16,0.0,159795.23,164732.48,509679.27,876445.47,11.61,49.39
39049006923,103094.0,4466.0,1503.0,0.0153,False,0.323524659094891,1.3235,50.62,Moderate hardship,98.0,484.3366600133067,96.5,163.0,160289.35,50974.49,36000.28,30786.65,0.0,278050.77,287224.2,890511.05,1534570.27,0.0,31.67
39049006924,61232.0,4109.0,1863.0,0.0204,False,0.23772455105698176,1.2377,55.92,High-need transit burden,177.0,394.7992485238862,173.39,323.0,176058.09,37769.51,64618.68,23752.42,0.0,302198.7,311960.86,966524.94,1664328.4,0.0,55.35
39049006931,65334.0,7104.0,2697.0,0.0415,False,0.21546802677247567,1.2155,50.5,Moderate hardship,82.0,379.301446051168,78.6,302.0,40832.34,32093.37,29168.39,51757.86,0.0,153851.96,158075.6,487465.7,835507.76,0.0,46.8
39049006932,70893.0,7317.0,2558.0,0.0038,False,0.19864777332109726,1.1986,48.39,Moderate hardship,114.0,228.835027365129,113.57,217.0,32914.8,18000.94,42466.16,67224.86,0.0,160606.76,164437.17,505258.56,862808.19,4.97,42.57
39049006933,40576.0,6501.0,2247.0,0.0459,False,0.3551682845657597,1.3552,59.08,High-need transit burden,338.0,1426.3431241655542,322.49,493.0,155323.14,192317.34,119569.55,62916.72,2053513.96,2583640.71,2663080.96,8237691.89,14161281.19,0.0,60.94
39049006943,63059.0,4742.0,1921.0,0.0281,False,0.23578527904439114,1.2358,49.84,Moderate hardship,8.0,76.52368558042686,7.78,123.0,3994.44,5948.77,2894.95,43079.99,0.0,55918.15,56914.98,173836.09,295054.99,0.0,41.58
39049006944,71779.0,4584.0,1962.0,0.0057,False,0.24286561795382175,1.2429,51.23,Moderate hardship,21.0,72.42813455657493,20.88,71.0,20141.12,5657.28,7804.49,25137.17,0.0,58740.06,60196.34,185137.89,316460.47,0.0,37.54
39049006945,46515.0,7026.0,2528.0,0.0281,False,0.27482452073293795,1.2748,57.66,High-need transit burden,184.0,978.3037974683544,178.83,529.0,102990.15,106085.98,66542.99,48269.81,2103121.51,2427010.44,2500725.42,7732522.55,13287517.52,0.0,61.72
39049006950,137118.0,2631.0,1187.0,0.0064,False,0.22589365607912779,1.2259,43.04,Moderate hardship,0.0,19.9486099410278,0.0,9.0,0.0,1500.68,0.0,10693.62,0.0,12194.3,12390.15,37776.49,64003.25,0.0,23.03
39049006991,152964.0,4416.0,1823.0,0.0191,False,0.16322641055005777,1.1632,39.6,Moderate hardship,29.0,121.1190345584202,28.45,50.0,37501.01,9148.68,10605.46,22961.57,0.0,80216.72,82481.62,254539.81,436585.41,0.0,23.11
39049006992,50367.0,4128.0,1992.0,0.0032,False,0.22064773127884074,1.2206,53.0,High-need transit burden,151.0,366.7951807228916,150.52,385.0,45524.35,34023.28,56289.29,31508.38,432923.93,600269.23,618166.68,1910426.13,3281156.83,0.0,58.47
39049007010,93188.0,4270.0,1154.0,0.0057,False,0.19600131575292237,1.196,47.6,Moderate hardship,24.0,192.40901213171577,23.86,157.0,18979.71,15673.76,8918.35,19049.52,0.0,62621.34,64442.5,199046.63,341727.06,0.0,45.18
39049007020,88347.0,6580.0,2810.0,0.0013,False,0.17412018296554452,1.1741,48.58,Moderate hardship,112.0,297.38790035587186,111.85,351.0,72683.57,23790.31,41843.95,35618.58,0.0,173936.41,179024.42,553017.27,949463.44,0.0,44.77
39049007041,81969.0,2217.0,1025.0,0.0,True,0.19274362257111732,1.1927,48.34,Moderate hardship,0.0,93.0058536585366,0.0,79.0,0.0,7493.33,0.0,10827.88,0.0,18321.21,18788.34,57834.06,98958.43,0.0,40.2
39049007043,74492.0,6059.0,2992.0,0.0191,False,0.18242083208227433,1.1824,50.43,High-need transit burden,212.0,299.7098930481283,207.95,513.0,117753.59,24417.9,77518.67,40951.06,0.0,260641.22,268290.78,828821.74,1423040.52,0.0,52.25
39049007044,95204.0,5791.0,2904.0,0.0019,False,0.1324786425730816,1.1325,49.0,High-need transit burden,63.0,117.65461432506886,62.88,665.0,42877.43,8481.91,23521.07,17196.58,0.0,92076.99,94753.77,292642.18,502320.02,3.31,55.66
39049007047,93828.0,4090.0,1745.0,0.0,True,0.17471094344863744,1.1747,46.22,Moderate hardship,33.0,105.47277936962752,33.0,248.0,15973.97,8009.05,12348.76,19924.72,0.0,56256.5,57723.81,177760.51,304244.66,0.0,45.5
39049007048,102475.0,5936.0,2219.0,0.0032,False,0.14498945767012114,1.145,44.12,Moderate hardship,0.0,37.45110410094637,0.0,89.0,0.0,2621.59,0.0,40913.49,0.0,43535.08,44144.01,134303.95,227038.12,0.0,32.43
39049007101,95500.0,2882.0,1130.0,0.0,True,0.1697855568775146,1.1698,44.7,Moderate hardship,1.0,58.66017699115044,1.0,128.0,425.16,4368.65,374.2,21542.32,0.0,26710.33,27189.66,83058.26,141002.72,0.0,41.72
39049007102,118750.0,3273.0,1359.0,0.0,True,0.3663941328743571,1.3664,49.42,Moderate hardship,0.0,264.92273730684326,0.0,123.0,0.0,26993.46,0.0,20439.24,0.0,47432.7,48892.68,151290.88,260253.35,0.0,36.97
39049007103,92768.0,4074.0,1703.0,0.0051,False,0.12064183580337846,1.1206,44.53,Moderate hardship,24.0,57.41397533763946,23.88,135.0,18454.23,4023.49,8926.9,27261.61,0.0,58666.23,60043.5,184424.67,314815.79,0.0,38.23
39049007112,111800.0,6873.0,2336.0,0.021,False,0.22671168066777977,1.2267,47.56,Moderate hardship,109.0,364.833904109589,106.71,237.0,104428.21,31128.67,39763.7,44942.51,0.0,220263.09,226852.27,701221.5,1204720.85,0.0,38.77
39049007113,75161.0,6093.0,1884.0,0.0191,False,0.11164717568847132,1.1116,48.94,Moderate hardship,21.0,93.78821656050955,20.6,315.0,14784.8,6544.16,7679.18,47692.77,0.0,76700.91,78277.16,239733.78,408030.7,0.0,51.38
39049007114,60101.0,5592.0,2268.0,0.0089,False,0.19721056141298757,1.1972,50.32,High-need transit burden,103.0,436.41269841269843,102.08,219.0,50006.01,38687.9,38130.85,44712.66,0.0,171537.42,176518.41,545184.02,935896.0,0.0,45.73
39049007115,58371.0,5682.0,2467.0,0.021,False,0.2995187261969158,1.2995,55.51,High-need transit burden,186.0,626.471017430077,182.09,420.0,100954.39,65002.53,67852.8,37869.43,0.0,271679.15,280288.42,867917.09,1493771.37,0.0,55.3
39049007120,97216.0,4729.0,1751.0,0.0013,False,0.15868187447595095,1.1587,46.2,Moderate hardship,21.0,48.61336379211879,20.97,87.0,19211.38,3483.93,7845.04,35076.52,0.0,65616.87,67063.09,205691.42,350608.65,3.97,34.63
39049007193,137500.0,6436.0,2372.0,0.0013,False,0.2358249790244334,1.2358,42.92,Moderate hardship,106.0,347.3052276559865,105.86,128.0,62253.47,29920.94,39603.04,51424.49,0.0,183201.94,188334.42,581082.85,996470.06,0.0,28.55
39049007198,97352.0,3041.0,1177.0,0.0,True,0.17813418752100102,1.1781,45.68,Moderate hardship,68.0,68.0,68.0,128.0,46543.58,4806.65,25445.94,23293.76,0.0,100089.93,102850.93,317182.68,543628.44,0.0,41.16
39049007199,68375.0,6923.0,2992.0,0.1052,False,0.16620710941531236,1.1662,45.41,Moderate hardship,56.0,263.77740641711233,50.11,207.0,16890.94,20566.76,18356.88,44421.46,0.0,100236.04,102744.71,316083.92,540459.51,0.0,40.55
39049007202,75943.0,4082.0,1763.0,0.0057,False,0.13326446897114175,1.1333,48.6,Moderate hardship,18.0,111.1378332387975,17.9,258.0,12779.25,8174.41,6690.63,25154.03,0.0,52798.32,54082.56,166261.86,284077.32,0.0,48.86
39049007205,89750.0,6035.0,3489.0,0.0,True,0.1884196552618185,1.1884,51.1,Moderate hardship,35.0,115.89137288621382,35.0,255.0,44028.63,8739.58,13097.18,10443.29,0.0,76308.68,78695.71,243576.43,419019.58,0.0,39.25
39049007209,101714.0,9370.0,4417.0,0.0038,False,0.1296270821080292,1.1296,49.65,Moderate hardship,0.0,137.88770658818203,0.0,449.0,0.0,9758.06,0.0,39669.81,0.0,49427.87,50343.02,153877.36,261390.67,3.24,40.57
39049007211,244141.0,4128.0,1389.0,0.0,True,0.12891591548296133,1.1289,31.34,Moderate hardship,0.0,145.62419006479482,0.0,49.0,0.0,10907.6,0.0,38551.07,0.0,49458.67,50412.12,154208.35,262164.13,0.0,6.27
39049007212,193401.0,5183.0,1853.0,0.0,True,0.15488558196596375,1.1549,35.91,Moderate hardship,21.0,232.15812196438208,21.0,130.0,22153.4,18248.9,7858.31,39998.63,0.0,88259.24,90532.25,278717.64,476929.37,0.0,21.92
39049007213,217802.0,5849.0,1949.0,0.0013,False,0.153954579867163,1.154,35.65,Moderate hardship,0.0,123.04207285787584,0.0,41.0,0.0,9057.09,0.0,57005.82,0.0,66062.91,67154.55,204845.69,347234.22,3.85,10.68
39049007214,57717.0,3568.0,2112.0,0.0,True,0.321496852486549,1.3215,56.53,High-need transit burden,106.0,297.33333333333337,106.0,538.0,33987.53,29469.45,39665.73,9435.51,1217282.15,1329840.37,1369979.39,4235284.95,7276319.23,0.0,65.11
39049007215,101607.0,6710.0,3288.0,0.0,True,0.18355630701003287,1.1836,47.64,Moderate hardship,55.0,302.0316301703163,55.0,230.0,56079.99,24345.49,20581.28,17666.6,0.0,118673.36,122458.24,379267.94,652883.85,0.0,36.61
39049007301,111452.0,6451.0,2364.0,0.0019,False,0.15304433492188263,1.153,46.96,Moderate hardship,171.0,352.0215736040609,170.68,129.0,274649.28,28339.55,63845.04,44030.41,0.0,410864.28,423876.78,1312443.56,2258545.19,0.0,31.27
39049007302,79459.0,4134.0,2074.0,0.0019,False,0.12900800858009184,1.129,49.18,Moderate hardship,0.0,0.0,0.0,184.0,0.0,0.0,0.0,22359.41,0.0,22359.41,22627.72,68701.03,115886.73,0.0,42.01
39049007303,85428.0,6654.0,2504.0,0.0006,False,0.21935900013262677,1.2194,46.93,Moderate hardship,0.0,297.62300319488816,0.0,112.0,0.0,24697.21,0.0,50939.03,0.0,75636.24,77358.88,237476.3,405203.48,5.48,32.88
39049007305,86840.0,5095.0,2303.0,0.0045,False,0.31203160844040256,1.312,51.19,High-need transit burden,67.0,384.9457229700391,66.7,348.0,31581.79,37171.42,24937.01,43193.06,0.0,136883.28,140803.1,434717.02,746008.34,0.0,48.45
39049007306,195385.0,4091.0,1514.0,0.0,True,0.12641756339223437,1.1264,35.27,Moderate hardship,0.0,0.0,0.0,17.0,0.0,0.0,0.0,27329.93,0.0,27329.93,27657.89,83973.33,141648.46,0.0,14.89
39049007394,204833.0,4068.0,1442.0,0.0006,False,0.1373657875191578,1.1374,35.52,Moderate hardship,33.0,78.99029126213593,32.98,28.0,91012.53,5704.63,12339.8,29029.95,0.0,138086.91,142185.91,439399.14,754689.24,0.0,12.4
39049007397,86354.0,3314.0,1438.0,0.0115,False,0.16061206208310794,1.1606,46.96,Moderate hardship,40.0,94.48817802503477,39.54,90.0,38288.88,7142.58,14762.03,29659.58,0.0,89853.07,92239.56,284180.2,486599.21,4.02,37.7
39049007398,113974.0,9447.0,2757.0,0.0,True,0.1066685317692205,1.1067,44.3,Moderate hardship,43.0,43.0,43.0,100.0,44486.25,2870.82,16090.82,83416.24,0.0,146864.13,149953.6,459461.29,782349.26,0.0,30.48
39049007424,104190.0,7350.0,2167.0,0.0357,False,0.20389351608235062,1.2039,45.0,Moderate hardship,89.0,403.62251961236734,85.82,135.0,55923.3,33958.42,31884.98,78373.89,0.0,200140.59,205363.65,632440.18,1082511.83,10.19,34.87
39049007425,85104.0,2305.0,1100.0,0.0026,False,0.20805927390115111,1.2081,46.45,Moderate hardship,0.0,25.14545454545454,0.0,174.0,0.0,1882.35,0.0,13231.48,0.0,15113.83,15357.31,46825.45,79338.7,0.0,48.53
39049007426,110735.0,3552.0,1566.0,0.014,False,0.19459186883846616,1.1946,46.1,Moderate hardship,67.0,240.42911877394636,66.06,120.0,85365.2,20732.42,24650.77,17251.86,0.0,148000.25,152744.28,473128.69,814541.47,0.0,35.82
39049007427,104348.0,5674.0,2436.0,0.0255,False,0.19179888353979313,1.1918,47.09,Moderate hardship,26.0,307.45812807881777,25.34,151.0,26974.09,25559.75,9433.99,34422.85,0.0,96390.68,99133.89,306017.59,525070.88,0.0,35.23
39049007492,108214.0,6325.0,2594.0,0.0306,False,0.2667398879886338,1.2667,46.91,Moderate hardship,256.0,624.2097147262914,248.17,256.0,145213.42,61487.0,92298.11,49600.07,0.0,348598.6,359350.64,1111790.29,1911821.52,0.0,36.6
39049007494,112250.0,4131.0,1478.0,0.0096,False,0.10618785721456635,1.1062,42.54,Moderate hardship,26.0,39.12990527740189,25.75,19.0,30867.48,2670.93,9617.28,36382.07,0.0,79537.76,81415.33,250098.36,426968.84,0.0,27.73
39049007511,42141.0,2194.0,923.0,0.0191,False,0.3252846721062875,1.3253,55.78,High-need transit burden,25.0,140.24485373781147,24.52,80.0,15336.02,13290.56,9140.46,26546.78,539593.24,603907.06,621776.77,1921119.52,3298650.8,0.0,48.13
39049007512,49935.0,4669.0,1695.0,0.0115,False,0.37306182666924187,1.3731,54.52,High-need transit burden,144.0,603.2513274336284,142.34,219.0,45151.25,68963.5,53141.83,34912.65,438689.18,640858.41,660450.23,2042659.22,3511048.59,0.0,47.17
39049007520,39896.0,3032.0,1150.0,0.0306,False,0.2928567272185543,1.2929,54.35,High-need transit burden,74.0,263.6521739130435,71.74,208.0,19091.2,25788.0,26681.17,18838.55,1271361.32,1361760.24,1402622.82,4335451.05,7447100.63,0.0,58.76
39049007531,42143.0,2602.0,1220.0,0.0134,False,0.22244076870074794,1.2224,55.29,High-need transit burden,88.0,215.41147540983607,86.82,201.0,50835.29,19723.02,32401.41,11413.45,180554.41,294927.58,303957.98,940120.94,1615968.59,0.0,56.83
39049007532,45000.0,3208.0,1192.0,0.0038,False,0.15527836012797822,1.1553,55.92,High-need transit burden,56.0,180.3154362416107,55.79,351.0,32369.77,14606.76,20861.03,20155.54,1173546.81,1261539.91,1299299.95,4015780.21,6897455.4,0.0,71.18
39049007533,48558.0,1856.0,659.0,0.0013,False,0.2473388641986356,1.2473,53.54,High-need transit burden,13.0,59.144157814871015,12.98,48.0,9526.59,4849.38,4855.92,16683.12,92110.61,128025.62,131662.19,406339.01,696925.44,0.0,45.26
39049007534,42135.0,4142.0,1411.0,0.0064,False,0.2651821573346211,1.2652,57.18,High-need transit burden,26.0,516.6491849751949,25.83,343.0,11653.85,53896.06,9653.34,46598.29,1308508.74,1430310.28,1473199.26,4553560.97,7821784.91,0.0,66.03
39049007550,79028.0,2967.0,1157.0,0.044,False,0.25383373789300856,1.2538,50.9,High-need transit burden,3.0,205.15125324114086,2.87,194.0,2538.66,18634.46,1064.52,15635.85,0.0,37873.49,39015.14,120647.26,207395.64,6.35,51.31
39049007552,66544.0,4795.0,1250.0,0.0153,False,0.20080354743686185,1.2008,50.02,Moderate hardship,78.0,337.568,76.81,119.0,52944.18,29457.72,28654.73,65486.09,0.0,176542.72,181223.57,558326.14,956047.25,0.0,44.65
39049007553,49219.0,5915.0,2379.0,0.0077,False,0.24985392380434557,1.2499,57.0,High-need transit burden,291.0,768.2786885245902,288.76,614.0,139256.1,80067.03,107889.03,55887.84,2936718.92,3319818.92,3419765.35,10571434.66,18160748.96,0.0,66.73
39049007710,48725.0,4247.0,1738.0,0.0306,False,0.3963866648643616,1.3964,60.81,High-need transit burden,221.0,598.6852704257767,214.24,245.0,215733.67,71373.01,79679.04,33023.79,41652.87,441462.38,455862.69,1412810.57,2433610.32,9.91,51.51
39049007721,44269.0,5886.0,1856.0,0.021,False,0.19278405716155583,1.1928,56.05,High-need transit burden,285.0,602.5538793103448,279.02,424.0,154603.25,56367.35,103972.15,42043.45,1609768.05,1966754.25,2026098.76,6263680.18,10761270.93,0.0,63.87
39049007722,62372.0,4177.0,1593.0,0.0051,False,0.2321415680059798,1.2321,50.63,Moderate hardship,93.0,251.72128060263654,92.53,96.0,65768.44,21973.04,34589.87,39089.79,0.0,161421.14,166045.65,512625.13,879602.17,0.0,40.34
39049007730,64185.0,3252.0,1313.0,0.0306,False,0.23643275596306196,1.2364,52.87,Moderate hardship,44.0,262.53769992383855,42.65,106.0,53316.71,24193.08,15862.17,23847.3,0.0,117219.26,120856.76,373998.14,643284.59,5.91,38.08
39049007740,58516.0,1653.0,852.0,0.0102,False,0.439401225906214,1.4394,57.42,High-need transit burden,21.0,221.17605633802816,20.79,114.0,19215.23,26769.21,7763.85,4882.89,0.0,58631.18,60761.02,189009.17,326821.26,0.0,43.63
39049007811,72917.0,4010.0,1909.0,0.0115,False,0.208846716739009,1.2088,50.79,Moderate hardship,39.0,184.85070717653218,38.55,173.0,35549.17,15260.92,14392.42,18706.64,0.0,83909.15,86424.4,267166.7,459045.66,0.0,43.43
39049007812,80375.0,4747.0,2186.0,0.0446,False,0.28054830681455845,1.2805,53.09,High-need transit burden,120.0,505.9702653247941,114.65,349.0,119902.8,51304.03,42519.91,11997.3,0.0,225724.04,233436.28,724572.38,1250045.32,21.04,50.66
39049007820,47847.0,4233.0,1982.0,0.0153,False,0.27364371690425127,1.2736,57.04,High-need transit burden,347.0,798.7598385469223,341.69,374.0,267784.51,95591.35,127470.85,19297.98,116247.46,626392.15,646971.99,2005515.56,3455217.94,0.0,56.66
39049007830,38983.0,2752.0,1863.0,0.0128,False,0.12753363189927258,1.1275,52.68,High-need transit burden,132.0,187.60279119699408,130.31,402.0,48437.54,15286.82,48637.82,2003.48,3094847.8,3209213.46,3305682.1,10218165.4,17552556.74,0.0,62.48
39049007922,119792.0,6580.0,2662.0,0.0204,False,0.1727307051991449,1.1727,45.32,Moderate hardship,100.0,249.65439519158528,97.96,212.0,113370.33,19565.64,36507.56,40918.21,0.0,210361.74,216613.86,669434.07,1149845.58,0.0,34.79
39049007931,130634.0,4362.0,1688.0,0.0089,False,0.13751336637003964,1.1375,40.49,Moderate hardship,28.0,72.35545023696683,27.75,28.0,30234.01,5184.0,10365.7,29216.25,0.0,74999.96,76901.17,236641.99,404712.47,3.44,24.59
39049007941,98352.0,3235.0,1447.0,0.0032,False,0.09882350914137764,1.0988,43.1,Moderate hardship,0.0,0.0,0.0,105.0,0.0,0.0,0.0,15442.37,0.0,15442.37,15627.68,47447.88,80036.35,0.0,36.43
39049007955,106875.0,2773.0,1088.0,0.0057,False,0.22273783344979461,1.2227,45.67,Moderate hardship,0.0,35.68198529411765,0.0,55.0,0.0,2718.75,0.0,11929.79,0.0,14648.54,14914.04,45567.79,77373.78,0.0,33.32
39049007956,105187.0,5000.0,1827.0,0.0038,False,0.17036703852840754,1.1704,45.18,Moderate hardship,15.0,71.15489874110564,14.94,45.0,16033.2,5210.11,5586.37,50782.76,0.0,77612.44,79157.11,242270.65,412072.5,0.0,30.53
39049007957,92378.0,5781.0,2763.0,0.0057,False,0.25300502341015196,1.253,54.69,High-need transit burden,0.0,175.75244299674267,0.0,329.0,0.0,14418.17,0.0,33518.71,0.0,47936.88,48987.92,150254.36,256151.45,0.0,44.8
39049007958,147159.0,3455.0,1355.0,0.0006,False,0.19739534459084646,1.1974,44.22,Moderate hardship,25.0,196.33579335793357,24.98,77.0,63221.06,16510.26,9346.52,20657.91,0.0,109735.75,113173.01,350313.97,602698.47,4.93,24.15
39049007959,92336.0,2120.0,883.0,0.0,True,0.1464370999981499,1.1464,43.81,Moderate hardship,0.0,0.0,0.0,27.0,0.0,0.0,0.0,8407.52,0.0,8407.52,8508.41,25832.76,43575.38,0.0,32.66
39049007960,96875.0,4613.0,1765.0,0.0006,False,0.1311785856884049,1.1312,46.62,Moderate hardship,0.0,28.749575070821532,0.0,47.0,0.0,1987.77,0.0,25801.8,0.0,27789.57,28188.64,85794.32,145092.16,0.0,32.16
39049007961,170833.0,5495.0,1724.0,0.0,True,0.08163205164782496,1.0816,38.4,Moderate hardship,0.0,41.435614849187935,0.0,32.0,0.0,2749.84,0.0,55001.86,0.0,57751.7,58535.47,178012.0,300790.02,0.0,19.65
39049007962,99643.0,5749.0,2202.0,0.0026,False,0.12320658336321921,1.1232,45.32,Moderate hardship,86.0,109.65395095367847,85.78,312.0,51708.03,7812.65,32082.61,49242.82,0.0,140846.11,144400.44,444293.04,759725.08,0.0,44.49
39049007963,125188.0,3877.0,1539.0,0.0,True,0.09427937632590498,1.0943,41.52,Moderate hardship,0.0,0.0,0.0,13.0,0.0,0.0,0.0,25101.56,0.0,25101.56,25402.78,77126.49,130099.03,0.0,25.28
39049007964,95400.0,6309.0,2842.0,0.0,True,0.12081439227954394,1.1208,49.97,Moderate hardship,59.0,166.4936664320901,59.0,390.0,76398.48,12082.78,22078.1,33929.2,0.0,144488.56,148665.33,459078.07,787901.98,0.0,45.49
39049007965,71484.0,3730.0,1719.0,0.0019,False,0.18246965280520258,1.1825,53.15,High-need transit burden,118.0,273.4031413612566,117.78,431.0,90084.03,23663.47,44057.12,18146.83,0.0,175951.45,181488.44,561836.69,966683.04,0.0,62.13
39049007966,87889.0,5796.0,2104.0,0.0383,False,0.09385836689113732,1.0939,47.89,Moderate hardship,51.0,71.62357414448668,49.05,177.0,70205.93,4875.22,18214.16,42727.73,0.0,136023.04,139667.72,430394.65,737111.61,2.35,40.1
39049008001,123871.0,3521.0,1264.0,0.0,True,0.11523433038387432,1.1152,41.46,Moderate hardship,0.0,0.0,0.0,45.0,0.0,0.0,0.0,28499.36,0.0,28499.36,28841.35,87566.5,147709.51,0.0,28.51
39049008002,97566.0,3559.0,1334.0,0.0,True,0.11618489081434186,1.1162,43.37,Moderate hardship,0.0,32.014992503748125,0.0,12.0,0.0,2201.97,0.0,31986.86,0.0,34188.83,34671.76,105500.59,178373.31,0.0,28.42
39049008110,52979.0,4063.0,1708.0,0.0159,False,0.3044942906679861,1.3045,51.62,High-need transit burden,44.0,430.5638173302108,43.3,181.0,10261.08,44414.06,16151.55,32873.4,0.0,103700.09,106856.13,330510.66,568260.97,0.0,46.17
39049008120,50852.0,3886.0,1551.0,0.0172,False,0.3622982975874299,1.3623,58.11,High-need transit burden,99.0,491.07414571244357,97.3,196.0,90466.11,55356.68,36284.9,24295.05,0.0,206402.74,213258.77,661350.3,1139981.27,0.0,46.3
39049008132,67491.0,6422.0,2987.0,0.0344,False,0.21981080923890725,1.2198,53.81,High-need transit burden,163.0,367.64713759625045,157.39,302.0,162117.85,31528.54,58490.92,35940.94,0.0,288078.25,297064.72,919381.08,1581436.18,5.5,45.95
39049008163,50707.0,3523.0,1573.0,0.0077,False,0.28547386885265097,1.2855,56.79,High-need transit burden,170.0,257.56198347107437,168.69,285.0,116793.24,24222.84,63027.43,28449.1,0.0,232492.61,239587.48,740997.72,1273723.82,0.0,57.82
39049008164,61953.0,5046.0,1904.0,0.0013,False,0.2210470166854352,1.221,52.45,High-need transit burden,93.0,262.3707983193277,92.88,285.0,55720.32,22219.56,34747.12,42958.54,0.0,155645.54,159979.81,493511.9,846141.48,0.0,51.89
39049008165,73641.0,2043.0,897.0,0.0026,False,0.22159159562589278,1.2216,48.06,Moderate hardship,0.0,27.331103678929765,0.0,46.0,0.0,2083.66,0.0,7617.15,0.0,9700.81,9885.98,30234.92,51391.03,11.08,38.36
39049008166,122135.0,5261.0,1910.0,0.0,True,0.13162952084887788,1.1316,43.13,Moderate hardship,34.0,71.61570680628272,34.0,88.0,38562.62,5060.99,12722.97,28406.64,0.0,84753.22,86989.61,267958.48,458738.5,0.0,30.25
39049008167,76219.0,3139.0,1215.0,0.0013,False,0.1177515516433381,1.1178,45.43,Moderate hardship,8.0,20.668312757201647,7.99,92.0,4265.27,1413.56,2989.12,24882.23,0.0,33550.18,34136.39,104222.36,176820.93,2.94,40.24
39049008168,64415.0,3706.0,1538.0,0.007,False,0.18534293602832744,1.1853,47.65,Moderate hardship,56.0,134.93888166449935,55.61,91.0,24971.57,10644.84,20780.41,23014.88,0.0,79411.7,81560.41,251403.56,430694.74,4.63,40.41
39049008169,75134.0,4385.0,1956.0,0.0038,False,0.2787781579958601,1.2788,52.48,High-need transit burden,0.0,235.39110429447854,0.0,260.0,0.0,20969.7,0.0,32721.54,0.0,53691.24,55027.53,169282.16,289474.17,0.0,48.24
39049008170,100417.0,6031.0,1902.0,0.0,True,0.19783540198047814,1.1978,48.28,Moderate hardship,57.0,206.1067297581493,57.0,77.0,79510.31,16331.11,21329.68,40516.97,0.0,157688.07,162225.28,500891.3,859571.86,14.84,33.58
39049008171,60409.0,3420.0,1791.0,0.0019,False,0.11043655429898165,1.1104,48.21,Moderate hardship,23.0,59.19597989949749,22.96,287.0,9035.69,4148.66,8588.48,16179.38,0.0,37952.21,38864.01,119437.04,203995.56,0.0,52.44
39049008172,87917.0,6727.0,2805.0,0.0102,False,0.17881634281765488,1.1788,48.35,Moderate hardship,323.0,484.4399286987523,319.71,262.0,272720.88,41665.84,119393.02,43301.86,0.0,477081.6,492006.24,1522807.33,2619529.11,0.0,41.24
39049008210,48947.0,2329.0,1006.0,0.0459,False,0.31959060921375504,1.3196,57.84,High-need transit burden,66.0,284.758449304175,62.97,123.0,79446.55,30815.9,23347.37,18119.12,0.0,151728.94,156697.4,485711.88,836810.78,15.98,43.58
39049008230,37148.0,3368.0,819.0,0.0153,False,0.27148684623926145,1.2715,56.57,High-need transit burden,100.0,378.3345543345543,98.47,92.0,66049.85,38589.92,36735.21,48309.18,1130966.7,1320650.86,1360126.24,4203669.78,7220092.17,0.0,49.93
39049008241,48868.0,3064.0,1237.0,0.0026,False,0.21585596295601636,1.2159,52.84,High-need transit burden,5.0,118.89409862570736,4.99,270.0,1515.74,9683.52,1866.31,27144.5,1108514.14,1148724.21,1182840.84,3655000.15,6276324.48,5.4,61.46
39049008242,82219.0,5834.0,2661.0,0.007,False,0.16756402007958363,1.1676,49.51,Moderate hardship,0.0,100.85080796692972,0.0,254.0,0.0,7431.61,0.0,32856.26,0.0,40287.87,41016.57,125315.66,212776.63,4.19,42.47
39049008311,45472.0,4372.0,1730.0,0.0268,False,0.4271881097204144,1.4272,63.47,High-need transit burden,204.0,1020.9757225433527,198.53,404.0,208681.44,148678.46,73892.72,45417.9,1591846.36,2068516.88,2132658.98,6598638.34,11346571.99,0.0,56.84
39049008312,29881.0,5085.0,1940.0,0.0102,False,0.4703959855300998,1.4704,63.32,High-need transit burden,129.0,1051.0747422680413,127.68,401.0,54188.11,150232.19,47681.03,64939.65,3326429.38,3643470.36,3753891.58,11606659.22,19943361.66,0.0,58.95
39049008321,59107.0,3274.0,1167.0,0.0102,False,0.2721975743440495,1.2722,48.86,Moderate hardship,104.0,260.91002570694087,102.94,93.0,39739.71,24677.14,38442.08,25976.37,0.0,128835.3,132609.43,409660.95,703386.86,0.0,37.4
39049008322,58659.0,5520.0,2202.0,0.0013,False,0.20944327842442653,1.2094,51.98,Moderate hardship,26.0,145.39509536784743,25.97,189.0,18318.46,11384.14,9715.58,50091.49,0.0,89509.67,91507.09,280750.71,478716.61,5.24,45.05
39049008330,42679.0,1862.0,723.0,0.0204,False,0.3164496214620852,1.3164,53.0,High-need transit burden,42.0,141.64591977869986,41.14,107.0,7763.18,13740.98,15331.98,15778.57,359919.23,412533.94,424794.21,1312667.51,2254211.92,0.0,54.41
39049008340,54954.0,5054.0,1687.0,0.0064,False,0.36963802446149635,1.3696,56.57,High-need transit burden,65.0,710.0165975103735,64.58,237.0,32962.35,82936.86,24135.23,35841.38,0.0,175875.82,181795.14,564067.07,972883.87,9.24,50.15
39049008350,57115.0,7628.0,3130.0,0.0204,False,0.20689361442247656,1.2069,51.52,High-need transit burden,77.0,472.78977635782746,75.43,267.0,44512.59,40602.64,28111.12,40980.75,0.0,154207.1,158786.71,490745.93,843027.23,5.17,45.11
39049008360,88615.0,6824.0,2436.0,0.0026,False,0.1432291293630662,1.1432,48.83,Moderate hardship,25.0,67.23152709359606,24.94,156.0,30433.66,4747.85,9327.82,34274.89,0.0,78784.22,80707.55,248125.2,423953.76,0.0,37.93
39049008380,92065.0,5451.0,1570.0,0.0,True,0.2366894181132312,1.2367,48.93,Moderate hardship,179.0,409.69299363057326,179.0,118.0,169489.51,37254.57,66982.7,30845.2,0.0,304571.98,314225.28,972964.98,1674425.84,17.75,38.38
39049008381,64864.0,4384.0,1776.0,0.0057,False,0.20932761785166568,1.2093,53.21,Moderate hardship,10.0,10.0,9.94,166.0,10282.76,725.58,3715.36,23793.44,0.0,38517.14,39288.09,120257.0,204555.49,5.23,45.32
39049008382,93549.0,3199.0,1301.0,0.0026,False,0.10094046790400697,1.1009,44.74,Moderate hardship,5.0,41.80092236740969,4.99,29.0,5702.28,2869.36,1866.31,15080.64,0.0,25518.59,26074.92,79958.83,136269.07,0.0,31.75
39049008400,134750.0,3939.0,1741.0,0.0268,False,0.1174530021059074,1.1175,38.36,Moderate hardship,0.0,24.88742102240092,0.0,120.0,0.0,1700.33,0.0,29063.6,0.0,30763.93,31189.21,94874.17,160354.5,0.0,30.17
39049008500,101686.0,5651.0,2802.0,0.0587,False,0.07790291379196908,1.0779,44.3,Moderate hardship,41.0,41.0,38.59,349.0,35459.14,2651.63,14271.04,24864.67,0.0,77246.48,79262.03,244079.97,417722.56,0.0,42.08
39049008710,45069.0,2286.0,1143.0,0.0344,False,0.3940718992255732,1.3941,55.43,High-need transit burden,35.0,276.0,33.8,138.0,20079.01,31448.26,12561.11,13602.13,223427.25,301117.76,310415.77,960348.0,1651194.15,9.85,40.86
39049008720,43821.0,3601.0,1573.0,0.0249,False,0.40075070377187294,1.4008,56.22,High-need transit burden,49.0,528.8181818181819,47.78,231.0,26197.39,64027.26,17790.47,21270.61,0.0,129285.73,133783.87,415557.04,717530.35,20.04,42.74
39049008730,34250.0,2052.0,784.0,0.051,False,0.4491232189399652,1.4491,63.23,High-need transit burden,120.0,481.59183673469386,113.88,184.0,79055.38,71354.13,42179.8,17462.77,1619937.3,1829989.38,1885829.42,5831975.33,10022935.92,33.68,63.05
39049008811,46667.0,1798.0,716.0,0.0115,False,0.37371950862924136,1.3737,53.28,Moderate hardship,67.0,102.95810055865923,66.23,41.0,27623.05,9943.81,24726.59,14423.85,1974.08,78691.38,80956.13,249958.34,428932.71,9.34,40.25
39049008812,77785.0,3247.0,1328.0,0.0383,False,0.3239318400879156,1.3239,50.98,Moderate hardship,96.0,256.72816265060237,92.32,108.0,73753.71,25230.13,34281.98,24166.27,0.0,157432.09,162295.87,502150.38,863536.03,8.1,41.77
39049008813,61667.0,2238.0,916.0,0.0083,False,0.24531091610751626,1.2453,50.01,Moderate hardship,28.0,70.853711790393,27.77,109.0,11512.35,5796.87,10374.42,17943.82,0.0,45627.46,46765.94,143854.1,245931.15,0.0,47.99
39049008821,52917.0,2582.0,1079.0,0.0108,False,0.29925878187401,1.2993,55.08,Moderate hardship,10.0,10.0,9.89,63.0,8823.87,779.58,3692.89,11543.78,0.0,24840.12,25414.88,78034.9,133157.23,7.48,43.35
39049008822,36437.0,4056.0,1864.0,0.0179,False,0.49278018005063334,1.4928,60.39,High-need transit burden,47.0,835.5708154506437,46.16,384.0,11322.76,121093.71,17211.46,31831.09,1523057.26,1704516.28,1756865.77,5434279.46,9341532.4,12.32,57.34
39049008825,77328.0,6288.0,2269.0,0.0038,False,0.316721733658954,1.3167,51.32,Moderate hardship,212.0,437.85985015425297,211.19,158.0,152357.3,41818.12,78968.29,33776.39,0.0,306920.1,316513.94,979637.15,1685196.07,15.84,34.38
39049008900,108212.0,5111.0,1659.0,0.0128,False,0.18718142216208075,1.1872,43.93,Moderate hardship,20.0,212.5732368896926,19.74,116.0,12980.46,17031.35,7367.9,31988.65,0.0,69368.36,71157.15,219078.5,374900.4,0.0,34.97
39049009000,159091.0,3367.0,1132.0,0.0102,False,0.148229988806981,1.1482,39.67,Moderate hardship,0.0,104.10335689045935,0.0,64.0,0.0,7837.13,0.0,33015.17,0.0,40852.3,41601.15,127133.28,215918.55,3.71,25.76
39049009100,190729.0,4636.0,1669.0,0.0128,False,0.19593443177930434,1.1959,36.44,Moderate hardship,12.0,341.65847813061714,11.85,123.0,13513.27,29935.48,4422.98,44548.19,0.0,92419.92,94885.13,292399.9,500857.53,0.0,20.15
39049009220,41875.0,2645.0,1015.0,0.014,False,0.39187275100508623,1.3919,59.74,High-need transit burden,59.0,362.2216748768473,58.17,139.0,40532.98,42678.65,21706.56,16818.43,806757.98,928494.6,956781.02,2958742.68,5084754.32,0.0,53.62
39049009230,51667.0,5938.0,2276.0,0.0102,False,0.3908207011382818,1.3908,61.47,High-need transit burden,215.0,1194.9050966608083,212.81,571.0,137306.37,159907.91,79472.11,52617.17,0.0,429303.56,443923.35,1377848.25,2377132.11,0.0,66.48
39049009240,67917.0,2116.0,813.0,0.0051,False,0.2822644738060801,1.2823,49.47,Moderate hardship,37.0,203.0110701107011,36.81,78.0,21443.11,20114.85,13760.44,10108.47,0.0,65426.87,67547.86,209317.76,360535.83,0.0,37.79
39049009250,60518.0,2379.0,845.0,0.014,False,0.29438981172920914,1.2944,49.02,Moderate hardship,55.0,154.84615384615387,54.23,55.0,20521.02,14374.24,20236.32,19822.24,0.0,74953.82,77062.67,237796.1,407835.52,0.0,37.48
39049009251,43984.0,882.0,455.0,0.044,False,0.3442608817502313,1.3443,62.4,High-need transit burden,22.0,81.41538461538461,21.03,202.0,11068.58,8385.3,7800.28,9077.13,838107.6,874438.89,900650.79,2783776.15,4781557.81,0.0,89.45
39049009252,41698.0,2648.0,1636.0,0.0038,False,0.3906220963245629,1.3906,65.03,High-need transit burden,177.0,527.6577017114914,176.33,326.0,192397.6,70344.16,65933.42,15724.48,1571034.52,1915434.18,1974301.65,6106907.63,10497777.0,9.77,60.18
39049009311,60862.0,2693.0,1196.0,0.0038,False,0.3641217513907335,1.3641,57.08,High-need transit burden,13.0,189.14046822742475,12.95,84.0,14442.53,18742.15,4842.27,16658.81,0.0,54685.76,56355.61,174323.09,299735.01,0.0,42.89
39049009312,47019.0,3094.0,1290.0,0.0019,False,0.25413807681505635,1.2541,55.61,High-need transit burden,58.0,242.2434108527132,57.89,268.0,26927.14,22509.27,21654.5,16612.0,461883.78,549586.69,566139.28,1750132.39,3006669.79,0.0,61.08
39049009321,55111.0,3156.0,942.0,0.0026,False,0.32654198279763774,1.3265,52.96,Moderate hardship,17.0,123.96178343949045,16.96,39.0,10279.65,11028.69,6343.22,25499.41,0.0,53150.97,54471.62,167548.66,286440.09,0.0,40.72
39049009322,59161.0,3728.0,1440.0,0.0115,False,0.2840649344218275,1.2841,51.07,Moderate hardship,51.0,271.83333333333337,50.41,105.0,29943.08,25525.1,18820.29,42855.36,8190.95,125334.78,128761.92,397026.06,680418.43,14.2,37.56
39049009323,40720.0,3678.0,1645.0,0.0089,False,0.387396720151377,1.3874,65.07,High-need transit burden,143.0,681.9392097264437,141.73,383.0,134459.27,88343.11,52941.67,38055.31,1521430.61,1835229.97,1891334.61,5849379.38,10053596.46,0.0,66.64
39049009325,26313.0,4946.0,2090.0,0.0497,False,0.554543375977627,1.5545,63.95,High-need transit burden,75.0,1268.447846889952,71.27,557.0,4467.88,209331.8,26404.49,55545.87,7674908.72,7970658.76,8211808.99,25388549.82,43621220.81,27.73,72.15
39049009326,50357.0,2123.0,990.0,0.0051,False,0.3442135660105318,1.3442,54.1,High-need transit burden,99.0,362.4111111111111,98.5,169.0,28037.61,44198.06,36821.6,10162.15,0.0,119219.42,123232.13,382333.66,659343.07,8.61,54.45
39049009332,65444.0,4017.0,1656.0,0.0013,False,0.2892932890947221,1.2893,55.26,High-need transit burden,46.0,291.0869565217391,45.94,229.0,44419.06,27413.1,17186.51,39946.48,0.0,128965.15,132662.43,409589.53,702885.51,0.0,50.7
39049009334,48342.0,2936.0,1231.0,0.0032,False,0.28149855822102604,1.2815,57.76,High-need transit burden,92.0,202.72948822095856,91.71,105.0,95110.61,18816.88,34296.38,23309.5,896112.58,1067645.95,1099842.08,3400088.83,5841354.12,0.0,47.54
39049009336,69792.0,2264.0,1308.0,0.0,True,0.20308423270363846,1.2031,55.18,High-need transit burden,123.0,123.0,123.0,162.0,188684.63,9001.06,46027.22,7229.71,0.0,250942.62,259189.07,803432.88,1384139.95,5.08,48.47
39049009337,56944.0,4731.0,1668.0,0.0128,False,0.2732558759499074,1.2733,51.72,High-need transit burden,58.0,297.8147482014388,57.26,170.0,21030.31,27049.23,21372.13,53478.6,0.0,122930.27,126059.59,387976.92,663680.91,6.83,47.04
39049009340,34920.0,3152.0,1494.0,0.0204,False,0.3745842624288644,1.3746,59.99,High-need transit burden,122.0,552.760374832664,119.51,352.0,41570.99,69574.28,44538.78,26557.27,3720877.25,3903118.57,4020762.87,12429619.9,21353362.93,0.0,66.72
39049009350,62192.0,2907.0,1285.0,0.0064,False,0.3884832517906109,1.3885,56.08,High-need transit burden,169.0,554.2529182879377,167.92,245.0,92395.54,72586.08,62756.07,20545.53,0.0,248283.22,256598.89,795964.66,1372374.81,0.0,52.82
39049009361,60558.0,5489.0,2919.0,0.0357,False,0.39997158182116643,1.4,56.98,High-need transit burden,62.0,588.5772524837273,59.79,339.0,43556.88,65344.78,22213.97,20037.23,0.0,151152.86,156413.66,485841.39,838850.44,20.0,49.21
39049009372,68438.0,5051.0,1829.0,0.0,True,0.256911506721097,1.2569,54.63,High-need transit burden,312.0,281.6850738108256,312.0,398.0,214750.27,24797.05,116751.96,33338.79,0.0,389638.07,401589.06,1242197.72,2135479.36,0.0,59.11
39049009373,74154.0,7476.0,2249.0,0.007,False,0.24215592501955474,1.2422,53.35,High-need transit burden,29.0,169.53134726545133,28.8,273.0,27150.78,13495.11,10762.02,62727.28,0.0,114135.19,116714.53,358189.64,610933.57,12.11,47.24
39049009381,51250.0,7096.0,2739.0,0.0064,False,0.23703111852089997,1.237,58.3,High-need transit burden,105.0,497.4194961664841,104.33,417.0,99383.53,44682.27,38990.84,69218.71,1656378.5,1908653.85,1965639.73,6074879.81,10433620.43,0.0,54.79
39049009382,54688.0,3008.0,1635.0,0.0013,False,0.37711358538875384,1.3771,56.39,High-need transit burden,76.0,351.39327217125384,75.9,191.0,59358.45,39209.52,28394.77,15660.8,0.0,142623.54,147363.31,457004.3,787757.0,0.0,42.8
39049009383,53769.0,2729.0,1289.0,0.0089,False,0.2467683153936816,1.2468,57.06,High-need transit burden,100.0,194.77734678045,99.11,188.0,105914.24,17690.82,37021.44,15105.46,0.0,175731.96,181341.85,561625.5,966728.62,0.0,53.49
39049009384,66902.0,2634.0,1262.0,0.0026,False,0.30484734702561966,1.3048,53.51,High-need transit burden,214.0,336.03328050713156,213.44,161.0,164104.12,36375.88,79828.78,13152.38,0.0,293461.16,302995.27,938905.65,1617023.81,7.62,46.9
39049009385,84871.0,3869.0,1835.0,0.0026,False,0.3145988661328701,1.3146,53.42,Moderate hardship,65.0,307.833242506812,64.83,146.0,84637.87,30076.26,24247.1,22679.88,0.0,161641.11,166835.2,516826.7,889880.46,0.0,40.8
39049009386,44450.0,3065.0,1232.0,0.0077,False,0.21874903418852587,1.2187,53.58,High-need transit burden,11.0,27.366071428571427,10.92,279.0,2975.99,2054.66,4080.03,31459.33,1411173.8,1451743.81,1494755.16,4618477.81,7930173.1,0.0,63.12
39049009390,97158.0,8201.0,2880.0,0.014,False,0.17924887359809724,1.1792,46.69,Moderate hardship,82.0,410.05,80.85,144.0,88837.05,33363.64,30169.76,55431.47,0.0,207801.92,213832.0,660406.57,1133638.29,0.0,29.14
39049009391,60081.0,4751.0,2204.0,0.0013,False,0.232340055044836,1.2323,52.51,High-need transit burden,75.0,398.790834845735,74.9,237.0,43625.48,36910.76,28020.67,35114.86,0.0,143671.77,147981.54,457482.69,786107.88,0.0,47.41
39049009392,51133.0,3523.0,1456.0,0.0166,False,0.28539280282409085,1.2854,57.19,High-need transit burden,1.0,408.9196428571429,0.98,300.0,660.98,42519.33,365.5,32350.55,1253322.84,1329219.2,1369152.73,4232175.76,7270069.03,0.0,60.65
39049009393,42031.0,3948.0,1590.0,0.0128,False,0.47545419164020297,1.4755,61.05,High-need transit burden,141.0,918.7169811320755,139.2,370.0,58683.75,138114.36,51955.99,34989.78,2151666.32,2435410.2,2509948.04,7762834.05,13342755.88,0.0,59.49
39049009394,85046.0,2076.0,884.0,0.0089,False,0.2497995444529758,1.2498,49.55,Moderate hardship,21.0,49.31674208144796,20.81,56.0,23864.1,3961.72,7773.34,12517.23,0.0,48116.39,49474.45,152674.73,261854.45,0.0,38.48
39049009395,93021.0,4951.0,2235.0,0.0089,False,0.2540726726619613,1.2541,47.96,Moderate hardship,0.0,44.304250559284114,0.0,60.0,0.0,3423.21,0.0,26822.3,0.0,30245.51,30721.42,93635.54,158587.58,0.0,32.98
39049009396,44356.0,2992.0,1354.0,0.0115,False,0.35125131333108206,1.3513,58.89,High-need transit burden,150.0,386.70605612998526,148.28,345.0,61262.34,43510.3,55359.5,29905.31,763353.42,953390.87,982136.47,3036230.64,5216347.2,17.56,67.39
39049009397,52189.0,2942.0,1277.0,0.0249,False,0.32369788289428547,1.3237,60.87,High-need transit burden,103.0,290.283476898982,100.44,274.0,113171.41,29879.29,37397.98,16208.2,393939.87,590596.75,608849.96,1883645.92,3238655.94,8.09,62.2
39049009401,85781.0,4987.0,1942.0,0.0064,False,0.130648426607137,1.1306,45.93,Moderate hardship,89.0,89.0,88.43,109.0,71102.51,6205.28,33048.59,22318.04,0.0,132674.42,136536.28,421692.72,723834.08,6.53,36.84
39049009403,88000.0,3284.0,964.0,0.0013,False,0.15614256396417742,1.1561,51.44,Moderate hardship,52.0,85.16597510373444,51.93,79.0,93737.9,6367.24,19427.41,47360.97,0.0,166893.52,171514.89,529000.5,906797.66,0.0,40.55
39049009404,99917.0,3149.0,1359.0,0.0,True,0.30837538826214334,1.3084,48.36,Moderate hardship,0.0,64.88005886681383,0.0,66.0,0.0,5408.16,0.0,13230.94,0.0,18639.1,19041.24,58382.07,99492.58,0.0,34.57
39049009405,142744.0,4082.0,1617.0,0.0,True,0.18670789252472103,1.1867,47.99,Moderate hardship,5.0,20.19542362399505,5.0,8.0,18392.89,1459.3,1871.02,30978.35,0.0,52701.56,53829.5,164997.77,281064.44,0.0,23.26
39049009410,83411.0,2815.0,1016.0,0.0026,False,0.23871176742398678,1.2387,46.37,Moderate hardship,22.0,121.90944881889764,21.94,44.0,13436.97,10237.71,8205.79,19489.52,0.0,51369.99,52740.0,162512.21,278328.1,0.0,32.81
39049009420,55658.0,6024.0,2154.0,0.0089,False,0.268812537796588,1.2688,51.9,High-need transit burden,286.0,620.8579387186629,283.45,222.0,105747.87,61878.54,105879.61,54150.43,0.0,327656.45,337438.96,1042991.58,1791777.74,0.0,43.3
39049009440,94426.0,4929.0,1828.0,0.0,True,0.20965900865401443,1.2097,49.65,Moderate hardship,130.0,296.60284463894965,130.0,110.0,190131.78,25414.38,48646.65,41427.57,0.0,305620.38,315131.94,975224.76,1677362.11,5.24,33.67
39049009495,71513.0,5804.0,2073.0,0.0593,False,0.17587830010644115,1.1759,46.62,Moderate hardship,59.0,162.38880849011093,55.5,107.0,30294.34,12418.85,20522.06,54934.43,0.0,118169.68,120961.09,371592.36,634422.86,0.0,38.39
39049009497,90625.0,2102.0,839.0,0.0006,False,0.268848308938588,1.2688,53.26,High-need transit burden,24.0,185.39690107270562,23.99,128.0,36835.77,17848.44,8976.1,10575.94,0.0,74236.25,76680.0,237728.19,409656.7,0.0,48.52
39049009498,62480.0,3659.0,1569.0,0.0153,False,0.4404102502142042,1.4404,57.44,High-need transit burden,56.0,750.9228808158063,55.14,322.0,43548.41,104853.93,20570.52,40160.57,0.0,209133.43,216372.24,671982.23,1160115.86,0.0,46.08
39049009520,82548.0,4805.0,1925.0,0.0019,False,0.28756372966270943,1.2876,51.03,Moderate hardship,15.0,409.36103896103896,14.97,164.0,17022.17,39708.61,5599.72,29701.96,0.0,92032.46,94911.54,293812.5,505597.73,0.0,33.26
39049009590,74337.0,5603.0,2079.0,0.0013,False,0.2768534248888396,1.2769,51.95,Moderate hardship,16.0,234.4689754689755,15.98,92.0,13927.73,20218.78,5978.24,38365.93,0.0,78490.68,80497.84,247786.67,423945.78,6.92,38.25
39049009600,65590.0,5110.0,2241.0,0.007,False,0.2732271500071965,1.2732,55.93,High-need transit burden,21.0,298.71039714413206,20.85,398.0,19766.75,26820.83,7791.25,36485.99,0.0,90864.82,93396.21,288140.86,494120.92,6.83,55.24
39049009711,70769.0,4874.0,2000.0,0.0102,False,0.28309743817965466,1.2831,51.1,Moderate hardship,33.0,177.90099999999998,32.66,199.0,16254.56,15195.59,12196.6,34158.1,0.0,77804.85,79772.37,245474.91,419837.11,0.0,44.78
39049009712,72361.0,2739.0,1220.0,0.0019,False,0.18897560526242516,1.189,47.68,Moderate hardship,0.0,51.63688524590164,0.0,106.0,0.0,3892.12,0.0,20666.65,0.0,24558.77,24981.92,76259.01,129364.14,0.0,42.46
39049009751,131604.0,6369.0,2500.0,0.0,True,0.19824663324622133,1.1982,46.95,Moderate hardship,14.0,114.64200000000001,14.0,55.0,29928.94,8686.9,5238.87,48234.0,0.0,92088.71,94236.91,289415.48,493990.18,0.0,27.03
39049009752,109403.0,6608.0,2674.0,0.0,True,0.1474857922471805,1.1475,45.57,Moderate hardship,0.0,93.90575916230367,0.0,65.0,0.0,6741.05,0.0,39964.78,0.0,46705.83,47488.75,144893.33,245671.54,0.0,30.0
39049009753,100729.0,5555.0,2396.0,0.0,True,0.28659260133480924,1.2866,46.67,Moderate hardship,168.0,377.9069282136895,168.0,163.0,83190.04,35126.81,62866.44,28265.61,0.0,209448.9,215852.11,667639.34,1147739.37,0.0,28.66
39049009754,147768.0,4078.0,1410.0,0.0,True,0.11456704206237708,1.1146,41.81,Moderate hardship,27.0,75.19716312056737,27.0,26.0,60959.03,5307.08,10103.54,25099.08,0.0,101468.73,104394.89,322347.86,553193.27,0.0,23.18
39049009755,117409.0,7982.0,3060.0,0.0019,False,0.209102022183064,1.2091,46.96,Moderate hardship,99.0,313.01960784313724,98.81,120.0,138726.28,25379.89,36961.15,56719.81,0.0,257787.13,265389.31,819993.82,1408156.43,5.23,29.56
39049009756,73977.0,2434.0,1105.0,0.0089,False,0.2079513891872941,1.208,46.78,Moderate hardship,42.0,149.7846153846154,41.63,138.0,10310.07,12860.65,15550.43,10342.34,0.0,49063.49,50515.94,156106.57,268130.4,0.0,46.35
39049009757,82629.0,4633.0,1947.0,0.0019,False,0.23781088284281177,1.2378,48.93,Moderate hardship,0.0,71.38674884437596,0.0,187.0,0.0,5546.82,0.0,23274.45,0.0,28821.27,29350.17,89696.09,152339.85,0.0,42.36
39049009801,99750.0,3458.0,1346.0,0.0,True,0.1626987119233363,1.1627,46.23,Moderate hardship,13.0,33.39821693907876,13.0,13.0,19869.22,2397.44,4864.66,23177.08,0.0,50308.4,51511.45,158286.97,270317.24,0.0,28.7
39049009802,86903.0,3665.0,1469.0,0.0,True,0.20462082895311712,1.2046,49.44,Moderate hardship,6.0,67.36215112321308,6.0,27.0,8639.9,5137.12,2245.23,19186.5,0.0,35208.75,36028.69,110647.38,188859.65,10.23,32.91
39049009900,42269.0,1944.0,1039.0,0.0038,False,0.21186825497646042,1.2119,56.61,High-need transit burden,44.0,174.00577478344562,43.83,335.0,17405.29,16050.24,16388.94,12176.8,1360440.46,1422461.73,1465162.23,4528788.3,7779216.05,21.19,74.83
39049010000,70169.0,6749.0,2891.0,0.0,True,0.1756041124180122,1.1756,52.68,High-need transit burden,21.0,196.09685230024215,21.0,608.0,12888.71,15037.57,7858.31,39500.16,0.0,75284.75,77083.01,236873.26,404566.6,0.0,57.66
39049010100,73800.0,1394.0,792.0,0.1786,False,0.26372749029905107,1.2637,46.32,Moderate hardship,10.0,54.563131313131315,8.21,85.0,6454.03,4622.88,2962.48,3021.22,0.0,17060.61,17604.85,54526.22,93869.11,6.59,44.3
39049010201,54977.0,5189.0,2632.0,0.0013,False,0.23470391356458434,1.2347,51.86,High-need transit burden,100.0,417.95896656534956,99.87,351.0,38305.51,38445.23,37362.14,26766.4,0.0,140879.28,145205.26,449207.42,772413.75,0.0,50.88
39049010202,92284.0,6027.0,1935.0,0.0026,False,0.2007004482631002,1.2007,47.64,Moderate hardship,0.0,504.5860465116279,0.0,162.0,0.0,45481.5,0.0,61135.95,0.0,106617.45,109397.75,336942.01,576874.7,0.0,33.19
39049010203,65445.0,4562.0,2091.0,0.0038,False,0.2042380875759105,1.2042,51.33,High-need transit burden,161.0,392.7116212338594,160.39,272.0,100433.6,35701.83,59973.13,25599.44,0.0,221708.0,228636.28,707648.21,1217324.18,0.0,48.99
39049010204,53973.0,6807.0,3161.0,0.014,False,0.19873389203837272,1.1987,52.02,High-need transit burden,291.0,381.1575450806706,286.93,307.0,140903.39,32018.68,107070.0,39463.05,251767.82,571222.94,588298.74,1818287.67,3123250.47,4.97,46.96
39049010300,61582.0,2396.0,859.0,0.0115,False,0.2324211335035915,1.2324,52.61,High-need transit burden,59.0,161.77881257275902,58.32,129.0,42590.16,14385.72,21773.44,25004.45,0.0,103753.77,106736.17,329553.3,565528.75,0.0,52.03
39049010401,215884.0,2480.0,807.0,0.0,True,0.11768255912621671,1.1177,37.54,Moderate hardship,0.0,58.38909541511772,0.0,19.0,0.0,4192.26,0.0,25963.31,0.0,30155.57,30655.78,93517.32,158532.1,2.94,11.31
39049010402,175476.0,5686.0,1881.0,0.0,True,0.20258026683677413,1.2026,41.59,Moderate hardship,29.0,395.9946836788942,29.0,131.0,68320.05,34543.27,10851.95,42116.9,0.0,155832.17,160554.52,496502.89,853422.2,0.0,22.72
39049010501,154671.0,4717.0,1787.0,0.0,True,0.109223506678214,1.1092,39.08,Moderate hardship,24.0,105.58477895914942,24.0,82.0,33642.71,7498.74,8980.92,32717.99,0.0,82840.36,84972.44,261582.76,447552.75,0.0,25.04
39049010502,132652.0,3336.0,1483.0,0.0,True,0.2747791233424856,1.2748,48.84,Moderate hardship,257.0,587.1180040458529,257.0,261.0,589605.67,68617.91,96170.68,26564.87,0.0,780959.13,807406.18,2505293.37,4320507.88,0.0,33.37
39049010601,145735.0,5905.0,1960.0,0.0,True,0.08524099179537996,1.0852,39.14,Moderate hardship,0.0,48.204081632653065,0.0,110.0,0.0,3215.53,0.0,52485.28,0.0,55700.81,56475.33,171806.22,290409.1,0.0,27.41
39049010602,110175.0,6391.0,2431.0,0.0134,False,0.2593850062719791,1.2594,48.29,Moderate hardship,16.0,586.2579185520362,15.79,223.0,14014.82,56491.15,5892.86,52121.72,0.0,128520.55,132325.95,408971.0,702629.33,0.0,37.2
39049010700,52500.0,1254.0,776.0,0.0255,False,0.23303894659413588,1.233,54.47,High-need transit burden,40.0,93.72680412371135,38.98,196.0,21519.43,8488.68,14512.12,5855.8,4785.03,55161.06,56872.85,175987.09,302669.03,0.0,65.16
39049010900,72854.0,5127.0,2312.0,0.0,True,0.18031221067569875,1.1803,50.21,Moderate hardship,37.0,88.70242214532873,37.0,313.0,24038.26,6607.77,13845.58,23146.59,0.0,67638.2,69400.79,213711.27,365754.85,0.0,48.37
39049980000,72537.0,0.0,0.0,0.0421,False,0.0,1.0,34.57,Moderate hardship,0.0,0.0,0.0,0.0,0.0,0.0,0.0,0.0,0.0,0.0,0.0,0.0,0.0,0.0,30.03
